drama|date|voice
Mouse窺探|01/01|0
Mouse窺探|01/01|0
Mouse窺探|01/02|0
Mouse窺探|01/03|0
Mouse窺探|01/04|0
Mouse窺探|01/05|0
Mouse窺探|01/06|0
Mouse窺探|01/07|0
Mouse窺探|01/08|0
Mouse窺探|01/09|0
Mouse窺探|01/10|0
Mouse窺探|01/11|0
Mouse窺探|01/12|0
Mouse窺探|01/13|0
Mouse窺探|01/14|0
Mouse窺探|01/15|0
Mouse窺探|01/16|0
Mouse窺探|01/17|0
Mouse窺探|01/18|0
Mouse窺探|01/19|0
Mouse窺探|01/20|0
Mouse窺探|01/21|0
Mouse窺探|01/22|2
Mouse窺探|01/23|0
Mouse窺探|01/24|0
Mouse窺探|01/25|0
Mouse窺探|01/26|0
Mouse窺探|01/27|0
Mouse窺探|01/28|0
Mouse窺探|01/29|0
Mouse窺探|01/30|0
Mouse窺探|01/31|0
Mouse窺探|02/01|0
Mouse窺探|02/02|0
Mouse窺探|02/03|0
Mouse窺探|02/04|1
Mouse窺探|02/05|0
Mouse窺探|02/06|0
Mouse窺探|02/07|0
Mouse窺探|02/08|0
Mouse窺探|02/09|0
Mouse窺探|02/10|0
Mouse窺探|02/11|0
Mouse窺探|02/12|0
Mouse窺探|02/13|0
Mouse窺探|02/14|0
Mouse窺探|02/15|0
Mouse窺探|02/16|0
Mouse窺探|02/17|0
Mouse窺探|02/18|0
Mouse窺探|02/19|0
Mouse窺探|02/20|0
Mouse窺探|02/21|0
Mouse窺探|02/22|0
Mouse窺探|02/23|0
Mouse窺探|02/24|0
Mouse窺探|02/25|0
Mouse窺探|02/26|0
Mouse窺探|02/27|0
Mouse窺探|02/28|0
Mouse窺探|03/01|2
Mouse窺探|03/02|0
Mouse窺探|03/03|1
Mouse窺探|03/04|1
Mouse窺探|03/05|0
Mouse窺探|03/06|0
Mouse窺探|03/07|0
Mouse窺探|03/08|0
Mouse窺探|03/09|0
Mouse窺探|03/10|1
Mouse窺探|03/11|1
Mouse窺探|03/12|2
Mouse窺探|03/13|0
Mouse窺探|03/14|0
Mouse窺探|03/15|0
Mouse窺探|03/16|0
Mouse窺探|03/17|0
Mouse窺探|03/18|1
Mouse窺探|03/19|2
Mouse窺探|03/20|0
Mouse窺探|03/21|0
Mouse窺探|03/22|0
Mouse窺探|03/23|0
Mouse窺探|03/24|1
Mouse窺探|03/25|1
Mouse窺探|03/26|0
Mouse窺探|03/27|0
Mouse窺探|03/28|0
Mouse窺探|03/29|0
Mouse窺探|03/30|0
Mouse窺探|03/31|1
Mouse窺探|04/01|2
Mouse窺探|04/02|0
Mouse窺探|04/03|0
Mouse窺探|04/04|0
Mouse窺探|04/05|6
Mouse窺探|04/06|0
Mouse窺探|04/07|2
Mouse窺探|04/08|1
Mouse窺探|04/09|0
Mouse窺探|04/10|0
Mouse窺探|04/11|0
Mouse窺探|04/12|0
Mouse窺探|04/13|0
Mouse窺探|04/14|1
Mouse窺探|04/15|1
Mouse窺探|04/16|0
Mouse窺探|04/17|1
Mouse窺探|04/18|0
Mouse窺探|04/19|0
Mouse窺探|04/20|0
Mouse窺探|04/21|1
Mouse窺探|04/22|1
Mouse窺探|04/23|0
Mouse窺探|04/24|0
Mouse窺探|04/25|0
Mouse窺探|04/26|0
Mouse窺探|04/27|1
Mouse窺探|04/28|2
Mouse窺探|04/29|0
Mouse窺探|04/30|0
Mouse窺探|05/01|0
Mouse窺探|05/02|0
Mouse窺探|05/03|0
Mouse窺探|05/04|0
Mouse窺探|05/05|1
Mouse窺探|05/06|0
Mouse窺探|05/07|0
Mouse窺探|05/08|0
Mouse窺探|05/09|0
Mouse窺探|05/10|0
Mouse窺探|05/11|0
Mouse窺探|05/12|1
Mouse窺探|05/13|1
Mouse窺探|05/14|0
Mouse窺探|05/15|0
Mouse窺探|05/16|0
Mouse窺探|05/17|0
Mouse窺探|05/18|1
Mouse窺探|05/19|1
Mouse窺探|05/20|1
Mouse窺探|05/21|0
Mouse窺探|05/22|0
Mouse窺探|05/23|0
Mouse窺探|05/24|0
Mouse窺探|05/25|0
Mouse窺探|05/26|0
Mouse窺探|05/27|0
Mouse窺探|05/28|0
Mouse窺探|05/29|1
Mouse窺探|05/30|0
Mouse窺探|05/31|0
Mouse窺探|06/01|0
Mouse窺探|06/02|0
Mouse窺探|06/03|0
Mouse窺探|06/04|0
Mouse窺探|06/05|0
Mouse窺探|06/06|0
Mouse窺探|06/07|0
Mouse窺探|06/08|2
Mouse窺探|06/09|0
Mouse窺探|06/10|0
Mouse窺探|06/11|0
Mouse窺探|06/12|0
Mouse窺探|06/13|0
Mouse窺探|06/14|0
Mouse窺探|06/15|0
Mouse窺探|06/16|0
Mouse窺探|06/17|0
Mouse窺探|06/18|0
Mouse窺探|06/19|0
Mouse窺探|06/20|0
怪物|01/01|0
怪物|01/01|0
怪物|01/02|0
怪物|01/03|2
怪物|01/04|0
怪物|01/05|0
怪物|01/06|0
怪物|01/07|0
怪物|01/08|2
怪物|01/09|0
怪物|01/10|4
怪物|01/11|0
怪物|01/12|0
怪物|01/13|0
怪物|01/14|0
怪物|01/15|0
怪物|01/16|3
怪物|01/17|1
怪物|01/18|0
怪物|01/19|0
怪物|01/20|2
怪物|01/21|19
怪物|01/22|0
怪物|01/23|0
怪物|01/24|0
怪物|01/25|0
怪物|01/26|7
怪物|01/27|0
怪物|01/28|0
怪物|01/29|3
怪物|01/30|0
怪物|01/31|0
怪物|02/01|0
怪物|02/02|1
怪物|02/03|0
怪物|02/04|0
怪物|02/05|0
怪物|02/06|0
怪物|02/07|0
怪物|02/08|0
怪物|02/09|1
怪物|02/10|0
怪物|02/11|4
怪物|02/12|0
怪物|02/13|0
怪物|02/14|0
怪物|02/15|1
怪物|02/16|0
怪物|02/17|0
怪物|02/18|0
怪物|02/19|7
怪物|02/20|5
怪物|02/21|0
怪物|02/22|1
怪物|02/23|0
怪物|02/24|1
怪物|02/25|3
怪物|02/26|9
怪物|02/27|4
怪物|02/28|0
怪物|03/01|2
怪物|03/02|0
怪物|03/03|7
怪物|03/04|1
怪物|03/05|4
怪物|03/06|4
怪物|03/07|1
怪物|03/08|4
怪物|03/09|2
怪物|03/10|1
怪物|03/11|2
怪物|03/12|5
怪物|03/13|5
怪物|03/14|4
怪物|03/15|1
怪物|03/16|4
怪物|03/17|1
怪物|03/18|1
怪物|03/19|5
怪物|03/20|9
怪物|03/21|2
怪物|03/22|0
怪物|03/23|1
怪物|03/24|1
怪物|03/25|1
怪物|03/26|5
怪物|03/27|9
怪物|03/28|1
怪物|03/29|0
怪物|03/30|0
怪物|03/31|1
怪物|04/01|1
怪物|04/02|7
怪物|04/03|5
怪物|04/04|5
怪物|04/05|1
怪物|04/06|0
怪物|04/07|1
怪物|04/08|1
怪物|04/09|12
怪物|04/10|4
怪物|04/11|17
怪物|04/12|24
怪物|04/13|17
怪物|04/14|16
怪物|04/15|2
怪物|04/16|35
怪物|04/17|0
怪物|04/18|0
怪物|04/19|0
怪物|04/20|1
怪物|04/21|1
怪物|04/22|1
怪物|04/23|1
怪物|04/24|0
怪物|04/25|5
怪物|04/26|0
怪物|04/27|0
怪物|04/28|1
怪物|04/29|0
怪物|04/30|1
怪物|05/01|1
怪物|05/02|4
怪物|05/03|3
怪物|05/04|1
怪物|05/05|1
怪物|05/06|1
怪物|05/07|1
怪物|05/08|1
怪物|05/09|0
怪物|05/10|1
怪物|05/11|2
怪物|05/12|2
怪物|05/13|20
怪物|05/14|0
怪物|05/15|0
怪物|05/16|0
怪物|05/17|1
怪物|05/18|4
怪物|05/19|1
怪物|05/20|1
怪物|05/21|1
怪物|05/22|0
怪物|05/23|0
怪物|05/24|1
怪物|05/25|0
怪物|05/26|0
怪物|05/27|0
怪物|05/28|0
怪物|05/29|7
怪物|05/30|0
怪物|05/31|2
怪物|06/01|0
怪物|06/02|1
怪物|06/03|0
怪物|06/04|0
怪物|06/05|0
怪物|06/06|0
怪物|06/07|5
怪物|06/08|0
怪物|06/09|0
怪物|06/10|0
怪物|06/11|0
怪物|06/12|1
怪物|06/13|17
怪物|06/14|0
怪物|06/15|0
怪物|06/16|3
怪物|06/17|0
怪物|06/18|0
怪物|06/19|0
Law School|01/01|0
Law School|01/02|0
Law School|01/03|0
Law School|01/04|0
Law School|01/05|0
Law School|01/06|0
Law School|01/07|0
Law School|01/08|0
Law School|01/09|0
Law School|01/10|0
Law School|01/11|0
Law School|01/12|0
Law School|01/13|0
Law School|01/14|0
Law School|01/15|0
Law School|01/16|2
Law School|01/17|0
Law School|01/18|0
Law School|01/19|0
Law School|01/20|0
Law School|01/21|0
Law School|01/22|0
Law School|01/23|0
Law School|01/24|0
Law School|01/25|0
Law School|01/26|0
Law School|01/27|0
Law School|01/28|0
Law School|01/29|0
Law School|01/30|0
Law School|01/31|0
Law School|02/01|0
Law School|02/02|0
Law School|02/03|0
Law School|02/04|0
Law School|02/05|0
Law School|02/06|0
Law School|02/07|0
Law School|02/08|0
Law School|02/09|0
Law School|02/10|0
Law School|02/11|0
Law School|02/12|0
Law School|02/13|0
Law School|02/14|0
Law School|02/15|0
Law School|02/16|0
Law School|02/17|0
Law School|02/18|0
Law School|02/19|0
Law School|02/20|0
Law School|02/21|0
Law School|02/22|0
Law School|02/23|0
Law School|02/24|0
Law School|02/25|0
Law School|02/26|0
Law School|02/27|0
Law School|02/28|0
Law School|03/01|0
Law School|03/02|0
Law School|03/03|0
Law School|03/04|0
Law School|03/05|0
Law School|03/06|0
Law School|03/07|0
Law School|03/08|0
Law School|03/09|1
Law School|03/10|0
Law School|03/11|0
Law School|03/12|0
Law School|03/13|0
Law School|03/14|0
Law School|03/15|1
Law School|03/16|0
Law School|03/17|0
Law School|03/18|0
Law School|03/19|0
Law School|03/20|0
Law School|03/21|0
Law School|03/22|0
Law School|03/23|0
Law School|03/24|0
Law School|03/25|0
Law School|03/26|0
Law School|03/27|0
Law School|03/28|0
Law School|03/29|0
Law School|03/30|0
Law School|03/31|0
Law School|04/01|0
Law School|04/02|0
Law School|04/03|0
Law School|04/04|0
Law School|04/05|0
Law School|04/06|0
Law School|04/07|0
Law School|04/08|0
Law School|04/09|1
Law School|04/10|0
Law School|04/11|0
Law School|04/12|0
Law School|04/13|0
Law School|04/14|0
Law School|04/15|1
Law School|04/16|0
Law School|04/17|0
Law School|04/18|0
Law School|04/19|0
Law School|04/20|0
Law School|04/21|1
Law School|04/22|1
Law School|04/23|0
Law School|04/24|0
Law School|04/25|0
Law School|04/26|0
Law School|04/27|0
Law School|04/28|1
Law School|04/29|1
Law School|04/30|0
Law School|05/01|0
Law School|05/02|0
Law School|05/03|0
Law School|05/04|1
Law School|05/05|1
Law School|05/06|1
Law School|05/07|0
Law School|05/08|0
Law School|05/09|0
Law School|05/10|0
Law School|05/11|1
Law School|05/12|1
Law School|05/13|0
Law School|05/14|0
Law School|05/15|0
Law School|05/16|0
Law School|05/17|0
Law School|05/18|0
Law School|05/19|1
Law School|05/20|1
Law School|05/21|0
Law School|05/22|0
Law School|05/23|0
Law School|05/24|0
Law School|05/25|0
Law School|05/26|1
Law School|05/27|1
Law School|05/28|0
Law School|05/29|0
Law School|05/30|0
Law School|05/31|0
Law School|06/01|0
Law School|06/02|5
Law School|06/03|1
Law School|06/04|0
Law School|06/05|0
Law School|06/06|0
Law School|06/07|0
Law School|06/08|2
Law School|06/09|10
Law School|06/10|0
Law School|06/11|11
Law School|06/12|0
Law School|06/13|0
Law School|06/14|0
Law School|06/15|1
Law School|06/16|0
Law School|06/17|1
Law School|06/18|0
Law School|06/19|0
Law School|06/20|0
Undercover|01/01|0
Undercover|01/02|0
Undercover|01/03|0
Undercover|01/04|0
Undercover|01/05|0
Undercover|01/06|0
Undercover|01/07|0
Undercover|01/08|0
Undercover|01/09|0
Undercover|01/10|0
Undercover|01/11|0
Undercover|01/12|0
Undercover|01/13|0
Undercover|01/14|0
Undercover|01/15|0
Undercover|01/16|2
Undercover|01/17|0
Undercover|01/18|0
Undercover|01/19|0
Undercover|01/20|0
Undercover|01/21|0
Undercover|01/22|0
Undercover|01/23|0
Undercover|01/24|1
Undercover|01/25|0
Undercover|01/26|0
Undercover|01/27|0
Undercover|01/28|0
Undercover|01/29|0
Undercover|01/30|0
Undercover|01/31|0
Undercover|02/01|0
Undercover|02/02|0
Undercover|02/03|0
Undercover|02/04|0
Undercover|02/05|0
Undercover|02/06|0
Undercover|02/07|0
Undercover|02/08|0
Undercover|02/09|0
Undercover|02/10|0
Undercover|02/11|0
Undercover|02/12|0
Undercover|02/13|0
Undercover|02/14|0
Undercover|02/15|0
Undercover|02/16|0
Undercover|02/17|0
Undercover|02/18|0
Undercover|02/19|0
Undercover|02/20|0
Undercover|02/21|0
Undercover|02/22|0
Undercover|02/23|0
Undercover|02/24|0
Undercover|02/25|0
Undercover|02/26|0
Undercover|02/27|0
Undercover|02/28|0
Undercover|03/01|0
Undercover|03/02|0
Undercover|03/03|0
Undercover|03/04|0
Undercover|03/05|0
Undercover|03/06|0
Undercover|03/07|0
Undercover|03/08|0
Undercover|03/09|1
Undercover|03/10|0
Undercover|03/11|0
Undercover|03/12|0
Undercover|03/13|0
Undercover|03/14|0
Undercover|03/15|1
Undercover|03/16|0
Undercover|03/17|0
Undercover|03/18|0
Undercover|03/19|0
Undercover|03/20|0
Undercover|03/21|0
Undercover|03/22|0
Undercover|03/23|0
Undercover|03/24|0
Undercover|03/25|0
Undercover|03/26|0
Undercover|03/27|0
Undercover|03/28|0
Undercover|03/29|0
Undercover|03/30|0
Undercover|03/31|0
Undercover|04/01|0
Undercover|04/02|0
Undercover|04/03|0
Undercover|04/04|0
Undercover|04/05|0
Undercover|04/06|0
Undercover|04/07|0
Undercover|04/08|0
Undercover|04/09|0
Undercover|04/10|0
Undercover|04/11|0
Undercover|04/12|0
Undercover|04/13|0
Undercover|04/14|0
Undercover|04/15|0
Undercover|04/16|0
Undercover|04/17|0
Undercover|04/18|0
Undercover|04/19|0
Undercover|04/20|0
Undercover|04/21|0
Undercover|04/22|1
Undercover|04/23|1
Undercover|04/24|0
Undercover|04/25|0
Undercover|04/26|0
Undercover|04/27|0
Undercover|04/28|0
Undercover|04/29|0
Undercover|04/30|1
Undercover|05/01|1
Undercover|05/02|0
Undercover|05/03|0
Undercover|05/04|0
Undercover|05/05|0
Undercover|05/06|0
Undercover|05/07|1
Undercover|05/08|0
Undercover|05/09|0
Undercover|05/10|0
Undercover|05/11|0
Undercover|05/12|0
Undercover|05/13|0
Undercover|05/14|4
Undercover|05/15|0
Undercover|05/16|0
Undercover|05/17|0
Undercover|05/18|0
Undercover|05/19|0
Undercover|05/20|0
Undercover|05/21|1
Undercover|05/22|0
Undercover|05/23|0
Undercover|05/24|0
Undercover|05/25|0
Undercover|05/26|0
Undercover|05/27|0
Undercover|05/28|1
Undercover|05/29|0
Undercover|05/30|0
Undercover|05/31|0
Undercover|06/01|0
Undercover|06/02|0
Undercover|06/03|0
Undercover|06/04|1
Undercover|06/05|0
Undercover|06/06|0
Undercover|06/07|0
Undercover|06/08|0
Undercover|06/09|1
Undercover|06/10|0
Undercover|06/11|1
Undercover|06/12|1
Undercover|06/13|1
Undercover|06/14|0
Undercover|06/15|1
Undercover|06/16|0
Undercover|06/17|0
Undercover|06/18|0
Undercover|06/19|0
Undercover|06/20|0
Run On奔向愛情|01/01|0
Run On奔向愛情|01/02|0
Run On奔向愛情|01/03|1
Run On奔向愛情|01/04|2
Run On奔向愛情|01/05|4
Run On奔向愛情|01/06|16
Run On奔向愛情|01/07|4
Run On奔向愛情|01/08|0
Run On奔向愛情|01/09|0
Run On奔向愛情|01/10|0
Run On奔向愛情|01/11|0
Run On奔向愛情|01/12|1
Run On奔向愛情|01/13|4
Run On奔向愛情|01/14|4
Run On奔向愛情|01/15|0
Run On奔向愛情|01/16|6
Run On奔向愛情|01/17|0
Run On奔向愛情|01/18|0
Run On奔向愛情|01/19|0
Run On奔向愛情|01/20|10
Run On奔向愛情|01/21|4
Run On奔向愛情|01/22|0
Run On奔向愛情|01/23|0
Run On奔向愛情|01/24|1
Run On奔向愛情|01/25|0
Run On奔向愛情|01/26|0
Run On奔向愛情|01/27|4
Run On奔向愛情|01/28|4
Run On奔向愛情|01/29|0
Run On奔向愛情|01/30|0
Run On奔向愛情|01/31|0
Run On奔向愛情|02/01|0
Run On奔向愛情|02/02|0
Run On奔向愛情|02/03|5
Run On奔向愛情|02/04|4
Run On奔向愛情|02/05|0
Run On奔向愛情|02/06|0
Run On奔向愛情|02/07|0
Run On奔向愛情|02/08|0
Run On奔向愛情|02/09|0
Run On奔向愛情|02/10|0
Run On奔向愛情|02/11|0
Run On奔向愛情|02/12|0
Run On奔向愛情|02/13|0
Run On奔向愛情|02/14|0
Run On奔向愛情|02/15|0
Run On奔向愛情|02/16|0
Run On奔向愛情|02/17|0
Run On奔向愛情|02/18|0
Run On奔向愛情|02/19|0
Run On奔向愛情|02/20|0
Run On奔向愛情|02/21|0
Run On奔向愛情|02/22|0
Run On奔向愛情|02/23|0
Run On奔向愛情|02/24|0
Run On奔向愛情|02/25|0
Run On奔向愛情|02/26|0
Run On奔向愛情|02/27|0
Run On奔向愛情|02/28|0
Run On奔向愛情|03/01|0
Run On奔向愛情|03/02|0
Run On奔向愛情|03/03|0
Run On奔向愛情|03/04|0
Run On奔向愛情|03/05|0
Run On奔向愛情|03/06|0
Run On奔向愛情|03/07|0
Run On奔向愛情|03/08|0
Run On奔向愛情|03/09|0
Run On奔向愛情|03/10|0
Run On奔向愛情|03/11|0
Run On奔向愛情|03/12|0
Run On奔向愛情|03/13|0
Run On奔向愛情|03/14|0
Run On奔向愛情|03/15|0
Run On奔向愛情|03/16|0
Run On奔向愛情|03/17|0
Run On奔向愛情|03/18|0
Run On奔向愛情|03/19|0
Run On奔向愛情|03/20|0
Run On奔向愛情|03/21|0
Run On奔向愛情|03/22|0
Run On奔向愛情|03/23|0
Run On奔向愛情|03/24|0
Run On奔向愛情|03/25|0
Run On奔向愛情|03/26|0
Run On奔向愛情|03/27|0
Run On奔向愛情|03/28|0
Run On奔向愛情|03/29|0
Run On奔向愛情|03/30|0
Run On奔向愛情|03/31|0
Run On奔向愛情|04/01|0
Run On奔向愛情|04/02|0
Run On奔向愛情|04/03|0
Run On奔向愛情|04/04|0
Run On奔向愛情|04/05|0
Run On奔向愛情|04/06|0
Run On奔向愛情|04/07|0
Run On奔向愛情|04/08|0
Run On奔向愛情|04/09|2
Run On奔向愛情|04/10|0
Run On奔向愛情|04/11|0
Run On奔向愛情|04/12|0
Run On奔向愛情|04/13|0
Run On奔向愛情|04/14|0
Run On奔向愛情|04/15|0
Run On奔向愛情|04/16|0
Run On奔向愛情|04/17|0
Run On奔向愛情|04/18|0
Run On奔向愛情|04/19|0
Run On奔向愛情|04/20|0
Run On奔向愛情|04/21|0
Run On奔向愛情|04/22|0
Run On奔向愛情|04/23|0
Run On奔向愛情|04/24|1
Run On奔向愛情|04/25|2
Run On奔向愛情|04/26|0
Run On奔向愛情|04/27|0
Run On奔向愛情|04/28|0
Run On奔向愛情|04/29|0
Run On奔向愛情|04/30|0
Run On奔向愛情|05/01|0
Run On奔向愛情|05/02|0
Run On奔向愛情|05/03|0
Run On奔向愛情|05/04|5
Run On奔向愛情|05/05|0
Run On奔向愛情|05/06|0
Run On奔向愛情|05/07|0
Run On奔向愛情|05/08|1
Run On奔向愛情|05/09|0
Run On奔向愛情|05/10|1
Run On奔向愛情|05/11|1
Run On奔向愛情|05/12|0
Run On奔向愛情|05/13|0
Run On奔向愛情|05/14|0
Run On奔向愛情|05/15|0
Run On奔向愛情|05/16|0
Run On奔向愛情|05/17|1
Run On奔向愛情|05/18|1
Run On奔向愛情|05/19|0
Run On奔向愛情|05/20|0
Run On奔向愛情|05/21|0
Run On奔向愛情|05/22|0
Run On奔向愛情|05/23|0
Run On奔向愛情|05/24|1
Run On奔向愛情|05/25|1
Run On奔向愛情|05/26|0
Run On奔向愛情|05/27|0
Run On奔向愛情|05/28|0
Run On奔向愛情|05/29|0
Run On奔向愛情|05/30|0
Run On奔向愛情|05/31|1
Run On奔向愛情|06/01|1
Run On奔向愛情|06/02|0
Run On奔向愛情|06/03|0
Run On奔向愛情|06/04|0
Run On奔向愛情|06/05|0
Run On奔向愛情|06/06|0
Run On奔向愛情|06/07|1
Run On奔向愛情|06/08|1
Run On奔向愛情|06/09|0
Run On奔向愛情|06/10|0
Run On奔向愛情|06/11|0
Run On奔向愛情|06/12|0
Run On奔向愛情|06/13|0
Run On奔向愛情|06/14|1
Run On奔向愛情|06/15|1
Run On奔向愛情|06/16|0
Run On奔向愛情|06/17|0
Run On奔向愛情|06/18|0
Run On奔向愛情|06/19|0
Run On奔向愛情|06/20|0
女神降臨|01/01|0
女神降臨|01/02|0
女神降臨|01/03|2
女神降臨|01/04|0
女神降臨|01/05|0
女神降臨|01/06|3
女神降臨|01/07|3
女神降臨|01/08|0
女神降臨|01/09|6
女神降臨|01/10|0
女神降臨|01/11|0
女神降臨|01/12|0
女神降臨|01/13|3
女神降臨|01/14|2
女神降臨|01/15|0
女神降臨|01/16|6
女神降臨|01/17|3
女神降臨|01/18|1
女神降臨|01/19|0
女神降臨|01/20|4
女神降臨|01/21|2
女神降臨|01/22|0
女神降臨|01/23|3
女神降臨|01/24|0
女神降臨|01/25|1
女神降臨|01/26|2
女神降臨|01/27|4
女神降臨|01/28|2
女神降臨|01/29|5
女神降臨|01/30|0
女神降臨|01/31|0
女神降臨|02/01|1
女神降臨|02/02|0
女神降臨|02/03|3
女神降臨|02/04|3
女神降臨|02/05|3
女神降臨|02/06|0
女神降臨|02/07|0
女神降臨|02/08|0
女神降臨|02/09|0
女神降臨|02/10|0
女神降臨|02/11|0
女神降臨|02/12|2
女神降臨|02/13|0
女神降臨|02/14|0
女神降臨|02/15|0
女神降臨|02/16|0
女神降臨|02/17|1
女神降臨|02/18|0
女神降臨|02/19|0
女神降臨|02/20|0
女神降臨|02/21|0
女神降臨|02/22|0
女神降臨|02/23|0
女神降臨|02/24|2
女神降臨|02/25|0
女神降臨|02/26|0
女神降臨|02/27|1
女神降臨|02/28|0
女神降臨|03/01|0
女神降臨|03/02|0
女神降臨|03/03|0
女神降臨|03/04|1
女神降臨|03/05|3
女神降臨|03/06|0
女神降臨|03/07|0
女神降臨|03/08|0
女神降臨|03/09|1
女神降臨|03/10|0
女神降臨|03/11|0
女神降臨|03/12|0
女神降臨|03/13|0
女神降臨|03/14|0
女神降臨|03/15|0
女神降臨|03/16|0
女神降臨|03/17|0
女神降臨|03/18|0
女神降臨|03/19|0
女神降臨|03/20|0
女神降臨|03/21|0
女神降臨|03/22|0
女神降臨|03/23|0
女神降臨|03/24|0
女神降臨|03/25|0
女神降臨|03/26|0
女神降臨|03/27|0
女神降臨|03/28|0
女神降臨|03/29|2
女神降臨|03/30|0
女神降臨|03/31|0
女神降臨|04/01|0
女神降臨|04/02|4
女神降臨|04/03|0
女神降臨|04/04|0
女神降臨|04/05|0
女神降臨|04/06|0
女神降臨|04/07|0
女神降臨|04/08|0
女神降臨|04/09|0
女神降臨|04/10|0
女神降臨|04/11|0
女神降臨|04/12|0
女神降臨|04/13|0
女神降臨|04/14|0
女神降臨|04/15|1
女神降臨|04/16|0
女神降臨|04/17|0
女神降臨|04/18|0
女神降臨|04/19|0
女神降臨|04/20|0
女神降臨|04/21|0
女神降臨|04/22|0
女神降臨|04/23|0
女神降臨|04/24|0
女神降臨|04/25|0
女神降臨|04/26|0
女神降臨|04/27|0
女神降臨|04/28|0
女神降臨|04/29|0
女神降臨|04/30|0
女神降臨|05/01|2
女神降臨|05/02|0
女神降臨|05/03|1
女神降臨|05/04|0
女神降臨|05/05|0
女神降臨|05/06|0
女神降臨|05/07|0
女神降臨|05/08|0
女神降臨|05/09|0
女神降臨|05/10|1
女神降臨|05/11|0
女神降臨|05/12|0
女神降臨|05/13|0
女神降臨|05/14|0
女神降臨|05/15|0
女神降臨|05/16|0
女神降臨|05/17|1
女神降臨|05/18|0
女神降臨|05/19|0
女神降臨|05/20|0
女神降臨|05/21|0
女神降臨|05/22|0
女神降臨|05/23|0
女神降臨|05/24|1
女神降臨|05/25|2
女神降臨|05/26|0
女神降臨|05/27|0
女神降臨|05/28|0
女神降臨|05/29|0
女神降臨|05/30|1
女神降臨|05/31|1
女神降臨|06/01|1
女神降臨|06/02|0
女神降臨|06/03|0
女神降臨|06/04|0
女神降臨|06/05|0
女神降臨|06/06|0
女神降臨|06/07|1
女神降臨|06/08|0
女神降臨|06/09|0
女神降臨|06/10|0
女神降臨|06/11|0
女神降臨|06/12|0
女神降臨|06/13|0
女神降臨|06/14|0
女神降臨|06/15|0
女神降臨|06/16|0
女神降臨|06/17|0
女神降臨|06/18|0
女神降臨|06/19|0
女神降臨|06/20|0
五月的青春|01/01|0
五月的青春|01/02|0
五月的青春|01/03|0
五月的青春|01/04|0
五月的青春|01/05|0
五月的青春|01/06|0
五月的青春|01/07|0
五月的青春|01/08|0
五月的青春|01/09|0
五月的青春|01/10|0
五月的青春|01/11|0
五月的青春|01/12|0
五月的青春|01/13|0
五月的青春|01/14|0
五月的青春|01/15|0
五月的青春|01/16|2
五月的青春|01/17|0
五月的青春|01/18|0
五月的青春|01/19|0
五月的青春|01/20|0
五月的青春|01/21|0
五月的青春|01/22|0
五月的青春|01/23|0
五月的青春|01/24|0
五月的青春|01/25|0
五月的青春|01/26|0
五月的青春|01/27|0
五月的青春|01/28|0
五月的青春|01/29|0
五月的青春|01/30|0
五月的青春|01/31|0
五月的青春|02/01|0
五月的青春|02/02|0
五月的青春|02/03|0
五月的青春|02/04|0
五月的青春|02/05|0
五月的青春|02/06|0
五月的青春|02/07|0
五月的青春|02/08|0
五月的青春|02/09|0
五月的青春|02/10|0
五月的青春|02/11|0
五月的青春|02/12|0
五月的青春|02/13|0
五月的青春|02/14|0
五月的青春|02/15|0
五月的青春|02/16|0
五月的青春|02/17|0
五月的青春|02/18|0
五月的青春|02/19|0
五月的青春|02/20|0
五月的青春|02/21|0
五月的青春|02/22|0
五月的青春|02/23|0
五月的青春|02/24|0
五月的青春|02/25|0
五月的青春|02/26|0
五月的青春|02/27|0
五月的青春|02/28|0
五月的青春|03/01|0
五月的青春|03/02|0
五月的青春|03/03|0
五月的青春|03/04|0
五月的青春|03/05|0
五月的青春|03/06|0
五月的青春|03/07|0
五月的青春|03/08|0
五月的青春|03/09|1
五月的青春|03/10|0
五月的青春|03/11|0
五月的青春|03/12|0
五月的青春|03/13|0
五月的青春|03/14|0
五月的青春|03/15|1
五月的青春|03/16|0
五月的青春|03/17|0
五月的青春|03/18|0
五月的青春|03/19|0
五月的青春|03/20|0
五月的青春|03/21|0
五月的青春|03/22|0
五月的青春|03/23|0
五月的青春|03/24|0
五月的青春|03/25|0
五月的青春|03/26|0
五月的青春|03/27|0
五月的青春|03/28|0
五月的青春|03/29|0
五月的青春|03/30|0
五月的青春|03/31|0
五月的青春|04/01|0
五月的青春|04/02|0
五月的青春|04/03|0
五月的青春|04/04|0
五月的青春|04/05|0
五月的青春|04/06|0
五月的青春|04/07|0
五月的青春|04/08|0
五月的青春|04/09|0
五月的青春|04/10|0
五月的青春|04/11|3
五月的青春|04/12|1
五月的青春|04/13|0
五月的青春|04/14|0
五月的青春|04/15|0
五月的青春|04/16|0
五月的青春|04/17|0
五月的青春|04/18|0
五月的青春|04/19|0
五月的青春|04/20|0
五月的青春|04/21|0
五月的青春|04/22|0
五月的青春|04/23|0
五月的青春|04/24|1
五月的青春|04/25|0
五月的青春|04/26|0
五月的青春|04/27|0
五月的青春|04/28|0
五月的青春|04/29|0
五月的青春|04/30|0
五月的青春|05/01|4
五月的青春|05/02|0
五月的青春|05/03|4
五月的青春|05/04|3
五月的青春|05/05|0
五月的青春|05/06|0
五月的青春|05/07|0
五月的青春|05/08|1
五月的青春|05/09|0
五月的青春|05/10|5
五月的青春|05/11|1
五月的青春|05/12|1
五月的青春|05/13|0
五月的青春|05/14|0
五月的青春|05/15|0
五月的青春|05/16|0
五月的青春|05/17|5
五月的青春|05/18|1
五月的青春|05/19|2
五月的青春|05/20|0
五月的青春|05/21|0
五月的青春|05/22|0
五月的青春|05/23|0
五月的青春|05/24|5
五月的青春|05/25|1
五月的青春|05/26|1
五月的青春|05/27|0
五月的青春|05/28|0
五月的青春|05/29|0
五月的青春|05/30|0
五月的青春|05/31|5
五月的青春|06/01|1
五月的青春|06/02|1
五月的青春|06/03|0
五月的青春|06/04|0
五月的青春|06/05|0
五月的青春|06/06|0
五月的青春|06/07|7
五月的青春|06/08|1
五月的青春|06/09|1
五月的青春|06/10|1
五月的青春|06/11|0
五月的青春|06/12|0
五月的青春|06/13|9
五月的青春|06/14|0
五月的青春|06/15|0
五月的青春|06/16|2
五月的青春|06/17|1
五月的青春|06/18|0
五月的青春|06/19|0
五月的青春|06/20|0
前輩，那支口紅不要塗|01/01|0
前輩，那支口紅不要塗|01/02|0
前輩，那支口紅不要塗|01/03|0
前輩，那支口紅不要塗|01/04|0
前輩，那支口紅不要塗|01/05|0
前輩，那支口紅不要塗|01/06|0
前輩，那支口紅不要塗|01/07|0
前輩，那支口紅不要塗|01/08|0
前輩，那支口紅不要塗|01/09|0
前輩，那支口紅不要塗|01/10|0
前輩，那支口紅不要塗|01/11|0
前輩，那支口紅不要塗|01/12|0
前輩，那支口紅不要塗|01/13|8
前輩，那支口紅不要塗|01/14|0
前輩，那支口紅不要塗|01/15|0
前輩，那支口紅不要塗|01/16|0
前輩，那支口紅不要塗|01/17|0
前輩，那支口紅不要塗|01/18|5
前輩，那支口紅不要塗|01/19|0
前輩，那支口紅不要塗|01/20|0
前輩，那支口紅不要塗|01/21|0
前輩，那支口紅不要塗|01/22|0
前輩，那支口紅不要塗|01/23|0
前輩，那支口紅不要塗|01/24|0
前輩，那支口紅不要塗|01/25|13
前輩，那支口紅不要塗|01/26|0
前輩，那支口紅不要塗|01/27|0
前輩，那支口紅不要塗|01/28|0
前輩，那支口紅不要塗|01/29|0
前輩，那支口紅不要塗|01/30|0
前輩，那支口紅不要塗|01/31|0
前輩，那支口紅不要塗|02/01|17
前輩，那支口紅不要塗|02/02|0
前輩，那支口紅不要塗|02/03|0
前輩，那支口紅不要塗|02/04|0
前輩，那支口紅不要塗|02/05|0
前輩，那支口紅不要塗|02/06|0
前輩，那支口紅不要塗|02/07|0
前輩，那支口紅不要塗|02/08|25
前輩，那支口紅不要塗|02/09|0
前輩，那支口紅不要塗|02/10|0
前輩，那支口紅不要塗|02/11|0
前輩，那支口紅不要塗|02/12|0
前輩，那支口紅不要塗|02/13|0
前輩，那支口紅不要塗|02/14|0
前輩，那支口紅不要塗|02/15|0
前輩，那支口紅不要塗|02/16|0
前輩，那支口紅不要塗|02/17|0
前輩，那支口紅不要塗|02/18|0
前輩，那支口紅不要塗|02/19|14
前輩，那支口紅不要塗|02/20|0
前輩，那支口紅不要塗|02/21|0
前輩，那支口紅不要塗|02/22|12
前輩，那支口紅不要塗|02/23|0
前輩，那支口紅不要塗|02/24|18
前輩，那支口紅不要塗|02/25|0
前輩，那支口紅不要塗|02/26|0
前輩，那支口紅不要塗|02/27|0
前輩，那支口紅不要塗|02/28|0
前輩，那支口紅不要塗|03/01|20
前輩，那支口紅不要塗|03/02|0
前輩，那支口紅不要塗|03/03|7
前輩，那支口紅不要塗|03/04|0
前輩，那支口紅不要塗|03/05|0
前輩，那支口紅不要塗|03/06|0
前輩，那支口紅不要塗|03/07|0
前輩，那支口紅不要塗|03/08|25
前輩，那支口紅不要塗|03/09|0
前輩，那支口紅不要塗|03/10|7
前輩，那支口紅不要塗|03/11|0
前輩，那支口紅不要塗|03/12|0
前輩，那支口紅不要塗|03/13|0
前輩，那支口紅不要塗|03/14|0
前輩，那支口紅不要塗|03/15|0
前輩，那支口紅不要塗|03/16|3
前輩，那支口紅不要塗|03/17|5
前輩，那支口紅不要塗|03/18|0
前輩，那支口紅不要塗|03/19|0
前輩，那支口紅不要塗|03/20|0
前輩，那支口紅不要塗|03/21|0
前輩，那支口紅不要塗|03/22|0
前輩，那支口紅不要塗|03/23|0
前輩，那支口紅不要塗|03/24|0
前輩，那支口紅不要塗|03/25|0
前輩，那支口紅不要塗|03/26|0
前輩，那支口紅不要塗|03/27|0
前輩，那支口紅不要塗|03/28|0
前輩，那支口紅不要塗|03/29|0
前輩，那支口紅不要塗|03/30|0
前輩，那支口紅不要塗|03/31|0
前輩，那支口紅不要塗|04/01|0
前輩，那支口紅不要塗|04/02|0
前輩，那支口紅不要塗|04/03|0
前輩，那支口紅不要塗|04/04|0
前輩，那支口紅不要塗|04/05|0
前輩，那支口紅不要塗|04/06|0
前輩，那支口紅不要塗|04/07|0
前輩，那支口紅不要塗|04/08|0
前輩，那支口紅不要塗|04/09|0
前輩，那支口紅不要塗|04/10|0
前輩，那支口紅不要塗|04/11|0
前輩，那支口紅不要塗|04/12|0
前輩，那支口紅不要塗|04/13|0
前輩，那支口紅不要塗|04/14|0
前輩，那支口紅不要塗|04/15|0
前輩，那支口紅不要塗|04/16|0
前輩，那支口紅不要塗|04/17|0
前輩，那支口紅不要塗|04/18|0
前輩，那支口紅不要塗|04/19|0
前輩，那支口紅不要塗|04/20|0
前輩，那支口紅不要塗|04/21|0
前輩，那支口紅不要塗|04/22|0
前輩，那支口紅不要塗|04/23|0
前輩，那支口紅不要塗|04/24|0
前輩，那支口紅不要塗|04/25|0
前輩，那支口紅不要塗|04/26|0
前輩，那支口紅不要塗|04/27|0
前輩，那支口紅不要塗|04/28|0
前輩，那支口紅不要塗|04/29|3
前輩，那支口紅不要塗|04/30|0
前輩，那支口紅不要塗|05/01|0
前輩，那支口紅不要塗|05/02|0
前輩，那支口紅不要塗|05/03|0
前輩，那支口紅不要塗|05/04|0
前輩，那支口紅不要塗|05/05|0
前輩，那支口紅不要塗|05/06|0
前輩，那支口紅不要塗|05/07|0
前輩，那支口紅不要塗|05/08|0
前輩，那支口紅不要塗|05/09|5
前輩，那支口紅不要塗|05/10|0
前輩，那支口紅不要塗|05/11|0
前輩，那支口紅不要塗|05/12|0
前輩，那支口紅不要塗|05/13|0
前輩，那支口紅不要塗|05/14|0
前輩，那支口紅不要塗|05/15|0
前輩，那支口紅不要塗|05/16|0
前輩，那支口紅不要塗|05/17|0
前輩，那支口紅不要塗|05/18|0
前輩，那支口紅不要塗|05/19|0
前輩，那支口紅不要塗|05/20|0
前輩，那支口紅不要塗|05/21|0
前輩，那支口紅不要塗|05/22|0
前輩，那支口紅不要塗|05/23|0
前輩，那支口紅不要塗|05/24|0
前輩，那支口紅不要塗|05/25|7
前輩，那支口紅不要塗|05/26|0
前輩，那支口紅不要塗|05/27|0
前輩，那支口紅不要塗|05/28|0
前輩，那支口紅不要塗|05/29|0
前輩，那支口紅不要塗|05/30|0
前輩，那支口紅不要塗|05/31|0
前輩，那支口紅不要塗|06/01|0
前輩，那支口紅不要塗|06/02|0
前輩，那支口紅不要塗|06/03|0
前輩，那支口紅不要塗|06/04|0
前輩，那支口紅不要塗|06/05|0
前輩，那支口紅不要塗|06/06|0
前輩，那支口紅不要塗|06/07|0
前輩，那支口紅不要塗|06/08|0
前輩，那支口紅不要塗|06/09|0
前輩，那支口紅不要塗|06/10|0
前輩，那支口紅不要塗|06/11|0
前輩，那支口紅不要塗|06/12|0
前輩，那支口紅不要塗|06/13|0
前輩，那支口紅不要塗|06/14|0
前輩，那支口紅不要塗|06/15|0
前輩，那支口紅不要塗|06/16|0
前輩，那支口紅不要塗|06/17|0
前輩，那支口紅不要塗|06/18|0
前輩，那支口紅不要塗|06/19|0
前輩，那支口紅不要塗|06/20|0
婚詞離曲|01/01|0
婚詞離曲|01/02|0
婚詞離曲|01/03|0
婚詞離曲|01/04|0
婚詞離曲|01/05|0
婚詞離曲|01/06|0
婚詞離曲|01/07|0
婚詞離曲|01/08|0
婚詞離曲|01/09|0
婚詞離曲|01/10|0
婚詞離曲|01/11|0
婚詞離曲|01/12|0
婚詞離曲|01/13|0
婚詞離曲|01/14|0
婚詞離曲|01/15|0
婚詞離曲|01/16|0
婚詞離曲|01/17|0
婚詞離曲|01/18|0
婚詞離曲|01/19|0
婚詞離曲|01/20|0
婚詞離曲|01/21|0
婚詞離曲|01/22|0
婚詞離曲|01/23|0
婚詞離曲|01/24|0
婚詞離曲|01/25|0
婚詞離曲|01/26|0
婚詞離曲|01/27|0
婚詞離曲|01/28|0
婚詞離曲|01/29|0
婚詞離曲|01/30|0
婚詞離曲|01/31|0
婚詞離曲|02/01|0
婚詞離曲|02/02|0
婚詞離曲|02/03|0
婚詞離曲|02/04|0
婚詞離曲|02/05|0
婚詞離曲|02/06|0
婚詞離曲|02/07|2
婚詞離曲|02/08|0
婚詞離曲|02/09|0
婚詞離曲|02/10|0
婚詞離曲|02/11|0
婚詞離曲|02/12|0
婚詞離曲|02/13|0
婚詞離曲|02/14|1
婚詞離曲|02/15|0
婚詞離曲|02/16|0
婚詞離曲|02/17|0
婚詞離曲|02/18|0
婚詞離曲|02/19|0
婚詞離曲|02/20|1
婚詞離曲|02/21|0
婚詞離曲|02/22|0
婚詞離曲|02/23|0
婚詞離曲|02/24|0
婚詞離曲|02/25|0
婚詞離曲|02/26|0
婚詞離曲|02/27|1
婚詞離曲|02/28|0
婚詞離曲|03/01|0
婚詞離曲|03/02|0
婚詞離曲|03/03|0
婚詞離曲|03/04|2
婚詞離曲|03/05|0
婚詞離曲|03/06|1
婚詞離曲|03/07|0
婚詞離曲|03/08|0
婚詞離曲|03/09|0
婚詞離曲|03/10|0
婚詞離曲|03/11|0
婚詞離曲|03/12|0
婚詞離曲|03/13|1
婚詞離曲|03/14|0
婚詞離曲|03/15|0
婚詞離曲|03/16|0
婚詞離曲|03/17|0
婚詞離曲|03/18|0
婚詞離曲|03/19|0
婚詞離曲|03/20|0
婚詞離曲|03/21|0
婚詞離曲|03/22|0
婚詞離曲|03/23|0
婚詞離曲|03/24|0
婚詞離曲|03/25|0
婚詞離曲|03/26|0
婚詞離曲|03/27|0
婚詞離曲|03/28|0
婚詞離曲|03/29|0
婚詞離曲|03/30|0
婚詞離曲|03/31|0
婚詞離曲|04/01|0
婚詞離曲|04/02|0
婚詞離曲|04/03|0
婚詞離曲|04/04|0
婚詞離曲|04/05|0
婚詞離曲|04/06|0
婚詞離曲|04/07|0
婚詞離曲|04/08|0
婚詞離曲|04/09|0
婚詞離曲|04/10|0
婚詞離曲|04/11|1
婚詞離曲|04/12|0
婚詞離曲|04/13|0
婚詞離曲|04/14|0
婚詞離曲|04/15|0
婚詞離曲|04/16|0
婚詞離曲|04/17|0
婚詞離曲|04/18|0
婚詞離曲|04/19|0
婚詞離曲|04/20|0
婚詞離曲|04/21|0
婚詞離曲|04/22|0
婚詞離曲|04/23|0
婚詞離曲|04/24|0
婚詞離曲|04/25|0
婚詞離曲|04/26|0
婚詞離曲|04/27|0
婚詞離曲|04/28|0
婚詞離曲|04/29|0
婚詞離曲|04/30|0
婚詞離曲|05/01|0
婚詞離曲|05/02|0
婚詞離曲|05/03|0
婚詞離曲|05/04|0
婚詞離曲|05/05|0
婚詞離曲|05/06|0
婚詞離曲|05/07|0
婚詞離曲|05/08|0
婚詞離曲|05/09|0
婚詞離曲|05/10|0
婚詞離曲|05/11|0
婚詞離曲|05/12|0
婚詞離曲|05/13|0
婚詞離曲|05/14|0
婚詞離曲|05/15|0
婚詞離曲|05/16|0
婚詞離曲|05/17|0
婚詞離曲|05/18|0
婚詞離曲|05/19|0
婚詞離曲|05/20|0
婚詞離曲|05/21|0
婚詞離曲|05/22|0
婚詞離曲|05/23|0
婚詞離曲|05/24|0
婚詞離曲|05/25|0
婚詞離曲|05/26|0
婚詞離曲|05/27|0
婚詞離曲|05/28|0
婚詞離曲|05/29|0
婚詞離曲|05/30|0
婚詞離曲|05/31|0
婚詞離曲|06/01|4
婚詞離曲|06/02|0
婚詞離曲|06/03|0
婚詞離曲|06/04|0
婚詞離曲|06/05|0
婚詞離曲|06/06|0
婚詞離曲|06/07|0
婚詞離曲|06/08|4
婚詞離曲|06/09|0
婚詞離曲|06/10|0
婚詞離曲|06/11|0
婚詞離曲|06/12|4
婚詞離曲|06/13|6
婚詞離曲|06/14|2
婚詞離曲|06/15|0
婚詞離曲|06/16|0
婚詞離曲|06/17|0
婚詞離曲|06/18|0
婚詞離曲|06/19|0
婚詞離曲|06/20|0
所以我和黑粉結婚了|01/01|0
所以我和黑粉結婚了|01/02|0
所以我和黑粉結婚了|01/03|0
所以我和黑粉結婚了|01/04|0
所以我和黑粉結婚了|01/05|0
所以我和黑粉結婚了|01/06|0
所以我和黑粉結婚了|01/07|0
所以我和黑粉結婚了|01/08|0
所以我和黑粉結婚了|01/09|0
所以我和黑粉結婚了|01/10|0
所以我和黑粉結婚了|01/11|0
所以我和黑粉結婚了|01/12|0
所以我和黑粉結婚了|01/13|0
所以我和黑粉結婚了|01/14|0
所以我和黑粉結婚了|01/15|0
所以我和黑粉結婚了|01/16|0
所以我和黑粉結婚了|01/17|0
所以我和黑粉結婚了|01/18|0
所以我和黑粉結婚了|01/19|0
所以我和黑粉結婚了|01/20|0
所以我和黑粉結婚了|01/21|0
所以我和黑粉結婚了|01/22|0
所以我和黑粉結婚了|01/23|0
所以我和黑粉結婚了|01/24|0
所以我和黑粉結婚了|01/25|0
所以我和黑粉結婚了|01/26|0
所以我和黑粉結婚了|01/27|0
所以我和黑粉結婚了|01/28|0
所以我和黑粉結婚了|01/29|0
所以我和黑粉結婚了|01/30|0
所以我和黑粉結婚了|01/31|0
所以我和黑粉結婚了|02/01|0
所以我和黑粉結婚了|02/02|0
所以我和黑粉結婚了|02/03|0
所以我和黑粉結婚了|02/04|0
所以我和黑粉結婚了|02/05|0
所以我和黑粉結婚了|02/06|0
所以我和黑粉結婚了|02/07|0
所以我和黑粉結婚了|02/08|0
所以我和黑粉結婚了|02/09|0
所以我和黑粉結婚了|02/10|0
所以我和黑粉結婚了|02/11|0
所以我和黑粉結婚了|02/12|0
所以我和黑粉結婚了|02/13|0
所以我和黑粉結婚了|02/14|0
所以我和黑粉結婚了|02/15|0
所以我和黑粉結婚了|02/16|0
所以我和黑粉結婚了|02/17|0
所以我和黑粉結婚了|02/18|0
所以我和黑粉結婚了|02/19|0
所以我和黑粉結婚了|02/20|0
所以我和黑粉結婚了|02/21|0
所以我和黑粉結婚了|02/22|0
所以我和黑粉結婚了|02/23|0
所以我和黑粉結婚了|02/24|0
所以我和黑粉結婚了|02/25|0
所以我和黑粉結婚了|02/26|0
所以我和黑粉結婚了|02/27|0
所以我和黑粉結婚了|02/28|0
所以我和黑粉結婚了|03/01|0
所以我和黑粉結婚了|03/02|0
所以我和黑粉結婚了|03/03|0
所以我和黑粉結婚了|03/04|0
所以我和黑粉結婚了|03/05|0
所以我和黑粉結婚了|03/06|0
所以我和黑粉結婚了|03/07|0
所以我和黑粉結婚了|03/08|0
所以我和黑粉結婚了|03/09|0
所以我和黑粉結婚了|03/10|0
所以我和黑粉結婚了|03/11|0
所以我和黑粉結婚了|03/12|0
所以我和黑粉結婚了|03/13|0
所以我和黑粉結婚了|03/14|0
所以我和黑粉結婚了|03/15|0
所以我和黑粉結婚了|03/16|0
所以我和黑粉結婚了|03/17|0
所以我和黑粉結婚了|03/18|0
所以我和黑粉結婚了|03/19|0
所以我和黑粉結婚了|03/20|0
所以我和黑粉結婚了|03/21|0
所以我和黑粉結婚了|03/22|0
所以我和黑粉結婚了|03/23|0
所以我和黑粉結婚了|03/24|0
所以我和黑粉結婚了|03/25|0
所以我和黑粉結婚了|03/26|0
所以我和黑粉結婚了|03/27|0
所以我和黑粉結婚了|03/28|0
所以我和黑粉結婚了|03/29|0
所以我和黑粉結婚了|03/30|0
所以我和黑粉結婚了|03/31|0
所以我和黑粉結婚了|04/01|0
所以我和黑粉結婚了|04/02|0
所以我和黑粉結婚了|04/03|0
所以我和黑粉結婚了|04/04|0
所以我和黑粉結婚了|04/05|0
所以我和黑粉結婚了|04/06|0
所以我和黑粉結婚了|04/07|0
所以我和黑粉結婚了|04/08|0
所以我和黑粉結婚了|04/09|0
所以我和黑粉結婚了|04/10|0
所以我和黑粉結婚了|04/11|0
所以我和黑粉結婚了|04/12|0
所以我和黑粉結婚了|04/13|0
所以我和黑粉結婚了|04/14|0
所以我和黑粉結婚了|04/15|0
所以我和黑粉結婚了|04/16|0
所以我和黑粉結婚了|04/17|0
所以我和黑粉結婚了|04/18|0
所以我和黑粉結婚了|04/19|0
所以我和黑粉結婚了|04/20|0
所以我和黑粉結婚了|04/21|0
所以我和黑粉結婚了|04/22|0
所以我和黑粉結婚了|04/23|0
所以我和黑粉結婚了|04/24|0
所以我和黑粉結婚了|04/25|0
所以我和黑粉結婚了|04/26|0
所以我和黑粉結婚了|04/27|0
所以我和黑粉結婚了|04/28|0
所以我和黑粉結婚了|04/29|0
所以我和黑粉結婚了|04/30|0
所以我和黑粉結婚了|05/01|0
所以我和黑粉結婚了|05/02|0
所以我和黑粉結婚了|05/03|0
所以我和黑粉結婚了|05/04|0
所以我和黑粉結婚了|05/05|0
所以我和黑粉結婚了|05/06|0
所以我和黑粉結婚了|05/07|2
所以我和黑粉結婚了|05/08|2
所以我和黑粉結婚了|05/09|0
所以我和黑粉結婚了|05/10|0
所以我和黑粉結婚了|05/11|0
所以我和黑粉結婚了|05/12|0
所以我和黑粉結婚了|05/13|0
所以我和黑粉結婚了|05/14|2
所以我和黑粉結婚了|05/15|2
所以我和黑粉結婚了|05/16|0
所以我和黑粉結婚了|05/17|0
所以我和黑粉結婚了|05/18|0
所以我和黑粉結婚了|05/19|0
所以我和黑粉結婚了|05/20|0
所以我和黑粉結婚了|05/21|2
所以我和黑粉結婚了|05/22|2
所以我和黑粉結婚了|05/23|0
所以我和黑粉結婚了|05/24|0
所以我和黑粉結婚了|05/25|1
所以我和黑粉結婚了|05/26|0
所以我和黑粉結婚了|05/27|0
所以我和黑粉結婚了|05/28|2
所以我和黑粉結婚了|05/29|2
所以我和黑粉結婚了|05/30|0
所以我和黑粉結婚了|05/31|0
所以我和黑粉結婚了|06/01|0
所以我和黑粉結婚了|06/02|0
所以我和黑粉結婚了|06/03|0
所以我和黑粉結婚了|06/04|2
所以我和黑粉結婚了|06/05|2
所以我和黑粉結婚了|06/06|0
所以我和黑粉結婚了|06/07|1
所以我和黑粉結婚了|06/08|0
所以我和黑粉結婚了|06/09|0
所以我和黑粉結婚了|06/10|0
所以我和黑粉結婚了|06/11|2
所以我和黑粉結婚了|06/12|2
所以我和黑粉結婚了|06/13|0
所以我和黑粉結婚了|06/14|0
所以我和黑粉結婚了|06/15|0
所以我和黑粉結婚了|06/16|0
所以我和黑粉結婚了|06/17|0
所以我和黑粉結婚了|06/18|2
所以我和黑粉結婚了|06/19|2
所以我和黑粉結婚了|06/20|0
黑道律師文森佐|01/01|0
黑道律師文森佐|01/02|0
黑道律師文森佐|01/03|0
黑道律師文森佐|01/04|0
黑道律師文森佐|01/05|0
黑道律師文森佐|01/06|0
黑道律師文森佐|01/07|0
黑道律師文森佐|01/08|0
黑道律師文森佐|01/09|0
黑道律師文森佐|01/10|0
黑道律師文森佐|01/11|0
黑道律師文森佐|01/12|0
黑道律師文森佐|01/13|0
黑道律師文森佐|01/14|0
黑道律師文森佐|01/15|0
黑道律師文森佐|01/16|0
黑道律師文森佐|01/17|0
黑道律師文森佐|01/18|0
黑道律師文森佐|01/19|0
黑道律師文森佐|01/20|0
黑道律師文森佐|01/21|0
黑道律師文森佐|01/22|0
黑道律師文森佐|01/23|0
黑道律師文森佐|01/24|0
黑道律師文森佐|01/25|0
黑道律師文森佐|01/26|0
黑道律師文森佐|01/27|0
黑道律師文森佐|01/28|0
黑道律師文森佐|01/29|0
黑道律師文森佐|01/30|0
黑道律師文森佐|01/31|0
黑道律師文森佐|02/01|0
黑道律師文森佐|02/02|0
黑道律師文森佐|02/03|0
黑道律師文森佐|02/04|0
黑道律師文森佐|02/05|0
黑道律師文森佐|02/06|0
黑道律師文森佐|02/07|0
黑道律師文森佐|02/08|0
黑道律師文森佐|02/09|0
黑道律師文森佐|02/10|1
黑道律師文森佐|02/11|0
黑道律師文森佐|02/12|0
黑道律師文森佐|02/13|0
黑道律師文森佐|02/14|0
黑道律師文森佐|02/15|0
黑道律師文森佐|02/16|0
黑道律師文森佐|02/17|0
黑道律師文森佐|02/18|0
黑道律師文森佐|02/19|0
黑道律師文森佐|02/20|1
黑道律師文森佐|02/21|2
黑道律師文森佐|02/22|0
黑道律師文森佐|02/23|0
黑道律師文森佐|02/24|0
黑道律師文森佐|02/25|0
黑道律師文森佐|02/26|0
黑道律師文森佐|02/27|2
黑道律師文森佐|02/28|2
黑道律師文森佐|03/01|0
黑道律師文森佐|03/02|0
黑道律師文森佐|03/03|0
黑道律師文森佐|03/04|0
黑道律師文森佐|03/05|0
黑道律師文森佐|03/06|2
黑道律師文森佐|03/07|3
黑道律師文森佐|03/08|2
黑道律師文森佐|03/09|0
黑道律師文森佐|03/10|0
黑道律師文森佐|03/11|0
黑道律師文森佐|03/12|0
黑道律師文森佐|03/13|4
黑道律師文森佐|03/14|3
黑道律師文森佐|03/15|1
黑道律師文森佐|03/16|1
黑道律師文森佐|03/17|4
黑道律師文森佐|03/18|0
黑道律師文森佐|03/19|0
黑道律師文森佐|03/20|2
黑道律師文森佐|03/21|2
黑道律師文森佐|03/22|3
黑道律師文森佐|03/23|1
黑道律師文森佐|03/24|0
黑道律師文森佐|03/25|0
黑道律師文森佐|03/26|0
黑道律師文森佐|03/27|2
黑道律師文森佐|03/28|2
黑道律師文森佐|03/29|0
黑道律師文森佐|03/30|1
黑道律師文森佐|03/31|0
黑道律師文森佐|04/01|0
黑道律師文森佐|04/02|0
黑道律師文森佐|04/03|3
黑道律師文森佐|04/04|2
黑道律師文森佐|04/05|1
黑道律師文森佐|04/06|0
黑道律師文森佐|04/07|0
黑道律師文森佐|04/08|0
黑道律師文森佐|04/09|0
黑道律師文森佐|04/10|2
黑道律師文森佐|04/11|2
黑道律師文森佐|04/12|3
黑道律師文森佐|04/13|0
黑道律師文森佐|04/14|0
黑道律師文森佐|04/15|0
黑道律師文森佐|04/16|0
黑道律師文森佐|04/17|1
黑道律師文森佐|04/18|3
黑道律師文森佐|04/19|0
黑道律師文森佐|04/20|0
黑道律師文森佐|04/21|0
黑道律師文森佐|04/22|0
黑道律師文森佐|04/23|0
黑道律師文森佐|04/24|2
黑道律師文森佐|04/25|2
黑道律師文森佐|04/26|5
黑道律師文森佐|04/27|1
黑道律師文森佐|04/28|1
黑道律師文森佐|04/29|0
黑道律師文森佐|04/30|1
黑道律師文森佐|05/01|2
黑道律師文森佐|05/02|14
黑道律師文森佐|05/03|5
黑道律師文森佐|05/04|1
黑道律師文森佐|05/05|0
黑道律師文森佐|05/06|0
黑道律師文森佐|05/07|7
黑道律師文森佐|05/08|2
黑道律師文森佐|05/09|2
黑道律師文森佐|05/10|1
黑道律師文森佐|05/11|0
黑道律師文森佐|05/12|1
黑道律師文森佐|05/13|5
黑道律師文森佐|05/14|0
黑道律師文森佐|05/15|0
黑道律師文森佐|05/16|0
黑道律師文森佐|05/17|6
黑道律師文森佐|05/18|0
黑道律師文森佐|05/19|0
黑道律師文森佐|05/20|0
黑道律師文森佐|05/21|0
黑道律師文森佐|05/22|0
黑道律師文森佐|05/23|0
黑道律師文森佐|05/24|1
黑道律師文森佐|05/25|0
黑道律師文森佐|05/26|0
黑道律師文森佐|05/27|1
黑道律師文森佐|05/28|0
黑道律師文森佐|05/29|0
黑道律師文森佐|05/30|1
黑道律師文森佐|05/31|1
黑道律師文森佐|06/01|0
黑道律師文森佐|06/02|0
黑道律師文森佐|06/03|0
黑道律師文森佐|06/04|1
黑道律師文森佐|06/05|0
黑道律師文森佐|06/06|0
黑道律師文森佐|06/07|1
黑道律師文森佐|06/08|0
黑道律師文森佐|06/09|0
黑道律師文森佐|06/10|0
黑道律師文森佐|06/11|1
黑道律師文森佐|06/12|0
黑道律師文森佐|06/13|0
黑道律師文森佐|06/14|0
黑道律師文森佐|06/15|0
黑道律師文森佐|06/16|0
黑道律師文森佐|06/17|0
黑道律師文森佐|06/18|0
黑道律師文森佐|06/19|0
黑道律師文森佐|06/20|0
模範計程車|01/01|3
模範計程車|01/02|0
模範計程車|01/03|0
模範計程車|01/04|0
模範計程車|01/05|0
模範計程車|01/06|0
模範計程車|01/07|0
模範計程車|01/08|0
模範計程車|01/09|0
模範計程車|01/10|0
模範計程車|01/11|0
模範計程車|01/12|0
模範計程車|01/13|0
模範計程車|01/14|0
模範計程車|01/15|0
模範計程車|01/16|2
模範計程車|01/17|0
模範計程車|01/18|0
模範計程車|01/19|0
模範計程車|01/20|0
模範計程車|01/21|0
模範計程車|01/22|0
模範計程車|01/23|0
模範計程車|01/24|0
模範計程車|01/25|0
模範計程車|01/26|0
模範計程車|01/27|0
模範計程車|01/28|0
模範計程車|01/29|0
模範計程車|01/30|0
模範計程車|01/31|0
模範計程車|02/01|0
模範計程車|02/02|0
模範計程車|02/03|0
模範計程車|02/04|0
模範計程車|02/05|0
模範計程車|02/06|0
模範計程車|02/07|0
模範計程車|02/08|0
模範計程車|02/09|0
模範計程車|02/10|0
模範計程車|02/11|0
模範計程車|02/12|0
模範計程車|02/13|0
模範計程車|02/14|0
模範計程車|02/15|0
模範計程車|02/16|0
模範計程車|02/17|0
模範計程車|02/18|0
模範計程車|02/19|0
模範計程車|02/20|0
模範計程車|02/21|0
模範計程車|02/22|0
模範計程車|02/23|0
模範計程車|02/24|0
模範計程車|02/25|0
模範計程車|02/26|0
模範計程車|02/27|0
模範計程車|02/28|0
模範計程車|03/01|0
模範計程車|03/02|2
模範計程車|03/03|0
模範計程車|03/04|0
模範計程車|03/05|0
模範計程車|03/06|0
模範計程車|03/07|0
模範計程車|03/08|6
模範計程車|03/09|1
模範計程車|03/10|4
模範計程車|03/11|0
模範計程車|03/12|0
模範計程車|03/13|0
模範計程車|03/14|0
模範計程車|03/15|1
模範計程車|03/16|0
模範計程車|03/17|0
模範計程車|03/18|0
模範計程車|03/19|0
模範計程車|03/20|0
模範計程車|03/21|0
模範計程車|03/22|0
模範計程車|03/23|0
模範計程車|03/24|0
模範計程車|03/25|1
模範計程車|03/26|0
模範計程車|03/27|0
模範計程車|03/28|0
模範計程車|03/29|0
模範計程車|03/30|0
模範計程車|03/31|0
模範計程車|04/01|0
模範計程車|04/02|0
模範計程車|04/03|0
模範計程車|04/04|1
模範計程車|04/05|0
模範計程車|04/06|0
模範計程車|04/07|0
模範計程車|04/08|0
模範計程車|04/09|2
模範計程車|04/10|3
模範計程車|04/11|0
模範計程車|04/12|9
模範計程車|04/13|0
模範計程車|04/14|0
模範計程車|04/15|0
模範計程車|04/16|2
模範計程車|04/17|2
模範計程車|04/18|0
模範計程車|04/19|0
模範計程車|04/20|4
模範計程車|04/21|1
模範計程車|04/22|0
模範計程車|04/23|2
模範計程車|04/24|2
模範計程車|04/25|0
模範計程車|04/26|10
模範計程車|04/27|0
模範計程車|04/28|0
模範計程車|04/29|0
模範計程車|04/30|2
模範計程車|05/01|3
模範計程車|05/02|0
模範計程車|05/03|0
模範計程車|05/04|3
模範計程車|05/05|0
模範計程車|05/06|0
模範計程車|05/07|3
模範計程車|05/08|3
模範計程車|05/09|0
模範計程車|05/10|1
模範計程車|05/11|2
模範計程車|05/12|0
模範計程車|05/13|0
模範計程車|05/14|3
模範計程車|05/15|2
模範計程車|05/16|0
模範計程車|05/17|0
模範計程車|05/18|7
模範計程車|05/19|1
模範計程車|05/20|0
模範計程車|05/21|2
模範計程車|05/22|5
模範計程車|05/23|0
模範計程車|05/24|0
模範計程車|05/25|0
模範計程車|05/26|0
模範計程車|05/27|6
模範計程車|05/28|3
模範計程車|05/29|4
模範計程車|05/30|0
模範計程車|05/31|8
模範計程車|06/01|0
模範計程車|06/02|0
模範計程車|06/03|0
模範計程車|06/04|2
模範計程車|06/05|0
模範計程車|06/06|0
模範計程車|06/07|0
模範計程車|06/08|0
模範計程車|06/09|1
模範計程車|06/10|4
模範計程車|06/11|0
模範計程車|06/12|0
模範計程車|06/13|1
模範計程車|06/14|0
模範計程車|06/15|0
模範計程車|06/16|0
模範計程車|06/17|0
模範計程車|06/18|0
模範計程車|06/19|0
模範計程車|06/20|0
上流戰爭|01/01|6
上流戰爭|01/02|1
上流戰爭|01/03|0
上流戰爭|01/04|3
上流戰爭|01/05|3
上流戰爭|01/06|1
上流戰爭|01/07|0
上流戰爭|01/08|0
上流戰爭|01/09|0
上流戰爭|01/10|0
上流戰爭|01/11|2
上流戰爭|01/12|2
上流戰爭|01/13|1
上流戰爭|01/14|0
上流戰爭|01/15|0
上流戰爭|01/16|0
上流戰爭|01/17|0
上流戰爭|01/18|2
上流戰爭|01/19|1
上流戰爭|01/20|1
上流戰爭|01/21|0
上流戰爭|01/22|0
上流戰爭|01/23|0
上流戰爭|01/24|0
上流戰爭|01/25|1
上流戰爭|01/26|1
上流戰爭|01/27|1
上流戰爭|01/28|0
上流戰爭|01/29|0
上流戰爭|01/30|0
上流戰爭|01/31|0
上流戰爭|02/01|1
上流戰爭|02/02|1
上流戰爭|02/03|0
上流戰爭|02/04|0
上流戰爭|02/05|0
上流戰爭|02/06|0
上流戰爭|02/07|1
上流戰爭|02/08|1
上流戰爭|02/09|1
上流戰爭|02/10|0
上流戰爭|02/11|1
上流戰爭|02/12|0
上流戰爭|02/13|1
上流戰爭|02/14|0
上流戰爭|02/15|0
上流戰爭|02/16|0
上流戰爭|02/17|1
上流戰爭|02/18|0
上流戰爭|02/19|1
上流戰爭|02/20|2
上流戰爭|02/21|0
上流戰爭|02/22|0
上流戰爭|02/23|0
上流戰爭|02/24|1
上流戰爭|02/25|0
上流戰爭|02/26|1
上流戰爭|02/27|1
上流戰爭|02/28|0
上流戰爭|03/01|0
上流戰爭|03/02|0
上流戰爭|03/03|0
上流戰爭|03/04|3
上流戰爭|03/05|1
上流戰爭|03/06|2
上流戰爭|03/07|0
上流戰爭|03/08|0
上流戰爭|03/09|0
上流戰爭|03/10|4
上流戰爭|03/11|2
上流戰爭|03/12|1
上流戰爭|03/13|1
上流戰爭|03/14|2
上流戰爭|03/15|0
上流戰爭|03/16|0
上流戰爭|03/17|1
上流戰爭|03/18|0
上流戰爭|03/19|1
上流戰爭|03/20|2
上流戰爭|03/21|0
上流戰爭|03/22|0
上流戰爭|03/23|0
上流戰爭|03/24|0
上流戰爭|03/25|0
上流戰爭|03/26|1
上流戰爭|03/27|1
上流戰爭|03/28|3
上流戰爭|03/29|2
上流戰爭|03/30|0
上流戰爭|03/31|0
上流戰爭|04/01|0
上流戰爭|04/02|3
上流戰爭|04/03|1
上流戰爭|04/04|0
上流戰爭|04/05|0
上流戰爭|04/06|2
上流戰爭|04/07|0
上流戰爭|04/08|0
上流戰爭|04/09|0
上流戰爭|04/10|0
上流戰爭|04/11|3
上流戰爭|04/12|5
上流戰爭|04/13|0
上流戰爭|04/14|0
上流戰爭|04/15|0
上流戰爭|04/16|0
上流戰爭|04/17|0
上流戰爭|04/18|11
上流戰爭|04/19|0
上流戰爭|04/20|0
上流戰爭|04/21|0
上流戰爭|04/22|8
上流戰爭|04/23|0
上流戰爭|04/24|0
上流戰爭|04/25|0
上流戰爭|04/26|0
上流戰爭|04/27|0
上流戰爭|04/28|0
上流戰爭|04/29|3
上流戰爭|04/30|0
上流戰爭|05/01|0
上流戰爭|05/02|0
上流戰爭|05/03|0
上流戰爭|05/04|0
上流戰爭|05/05|0
上流戰爭|05/06|0
上流戰爭|05/07|0
上流戰爭|05/08|0
上流戰爭|05/09|0
上流戰爭|05/10|0
上流戰爭|05/11|1
上流戰爭|05/12|0
上流戰爭|05/13|17
上流戰爭|05/14|0
上流戰爭|05/15|0
上流戰爭|05/16|0
上流戰爭|05/17|1
上流戰爭|05/18|0
上流戰爭|05/19|2
上流戰爭|05/20|0
上流戰爭|05/21|0
上流戰爭|05/22|0
上流戰爭|05/23|0
上流戰爭|05/24|0
上流戰爭|05/25|0
上流戰爭|05/26|0
上流戰爭|05/27|1
上流戰爭|05/28|0
上流戰爭|05/29|0
上流戰爭|05/30|1
上流戰爭|05/31|0
上流戰爭|06/01|6
上流戰爭|06/02|4
上流戰爭|06/03|0
上流戰爭|06/04|1
上流戰爭|06/05|1
上流戰爭|06/06|0
上流戰爭|06/07|8
上流戰爭|06/08|0
上流戰爭|06/09|0
上流戰爭|06/10|0
上流戰爭|06/11|1
上流戰爭|06/12|2
上流戰爭|06/13|3
上流戰爭|06/14|0
上流戰爭|06/15|0
上流戰爭|06/16|0
上流戰爭|06/17|0
上流戰爭|06/18|4
上流戰爭|06/19|0
上流戰爭|06/20|0
我的上流世界|01/01|0
我的上流世界|01/02|0
我的上流世界|01/03|0
我的上流世界|01/04|0
我的上流世界|01/05|0
我的上流世界|01/06|0
我的上流世界|01/07|0
我的上流世界|01/08|0
我的上流世界|01/09|0
我的上流世界|01/10|0
我的上流世界|01/11|0
我的上流世界|01/12|0
我的上流世界|01/13|0
我的上流世界|01/14|0
我的上流世界|01/15|0
我的上流世界|01/16|0
我的上流世界|01/17|0
我的上流世界|01/18|0
我的上流世界|01/19|0
我的上流世界|01/20|0
我的上流世界|01/21|0
我的上流世界|01/22|0
我的上流世界|01/23|0
我的上流世界|01/24|0
我的上流世界|01/25|0
我的上流世界|01/26|0
我的上流世界|01/27|0
我的上流世界|01/28|0
我的上流世界|01/29|0
我的上流世界|01/30|0
我的上流世界|01/31|0
我的上流世界|02/01|0
我的上流世界|02/02|0
我的上流世界|02/03|0
我的上流世界|02/04|0
我的上流世界|02/05|0
我的上流世界|02/06|0
我的上流世界|02/07|0
我的上流世界|02/08|0
我的上流世界|02/09|0
我的上流世界|02/10|0
我的上流世界|02/11|0
我的上流世界|02/12|0
我的上流世界|02/13|0
我的上流世界|02/14|0
我的上流世界|02/15|0
我的上流世界|02/16|0
我的上流世界|02/17|0
我的上流世界|02/18|0
我的上流世界|02/19|0
我的上流世界|02/20|0
我的上流世界|02/21|0
我的上流世界|02/22|0
我的上流世界|02/23|0
我的上流世界|02/24|0
我的上流世界|02/25|0
我的上流世界|02/26|0
我的上流世界|02/27|0
我的上流世界|02/28|0
我的上流世界|03/01|0
我的上流世界|03/02|0
我的上流世界|03/03|0
我的上流世界|03/04|0
我的上流世界|03/05|0
我的上流世界|03/06|0
我的上流世界|03/07|0
我的上流世界|03/08|0
我的上流世界|03/09|0
我的上流世界|03/10|0
我的上流世界|03/11|0
我的上流世界|03/12|0
我的上流世界|03/13|0
我的上流世界|03/14|0
我的上流世界|03/15|0
我的上流世界|03/16|0
我的上流世界|03/17|0
我的上流世界|03/18|0
我的上流世界|03/19|0
我的上流世界|03/20|0
我的上流世界|03/21|0
我的上流世界|03/22|0
我的上流世界|03/23|0
我的上流世界|03/24|0
我的上流世界|03/25|0
我的上流世界|03/26|0
我的上流世界|03/27|0
我的上流世界|03/28|0
我的上流世界|03/29|0
我的上流世界|03/30|0
我的上流世界|03/31|0
我的上流世界|04/01|0
我的上流世界|04/02|0
我的上流世界|04/03|0
我的上流世界|04/04|0
我的上流世界|04/05|0
我的上流世界|04/06|0
我的上流世界|04/07|0
我的上流世界|04/08|0
我的上流世界|04/09|0
我的上流世界|04/10|0
我的上流世界|04/11|0
我的上流世界|04/12|0
我的上流世界|04/13|0
我的上流世界|04/14|0
我的上流世界|04/15|0
我的上流世界|04/16|0
我的上流世界|04/17|0
我的上流世界|04/18|0
我的上流世界|04/19|0
我的上流世界|04/20|0
我的上流世界|04/21|0
我的上流世界|04/22|0
我的上流世界|04/23|0
我的上流世界|04/24|0
我的上流世界|04/25|0
我的上流世界|04/26|0
我的上流世界|04/27|0
我的上流世界|04/28|0
我的上流世界|04/29|0
我的上流世界|04/30|2
我的上流世界|05/01|0
我的上流世界|05/02|0
我的上流世界|05/03|0
我的上流世界|05/04|0
我的上流世界|05/05|0
我的上流世界|05/06|0
我的上流世界|05/07|0
我的上流世界|05/08|2
我的上流世界|05/09|0
我的上流世界|05/10|0
我的上流世界|05/11|0
我的上流世界|05/12|0
我的上流世界|05/13|0
我的上流世界|05/14|0
我的上流世界|05/15|2
我的上流世界|05/16|0
我的上流世界|05/17|1
我的上流世界|05/18|1
我的上流世界|05/19|0
我的上流世界|05/20|0
我的上流世界|05/21|0
我的上流世界|05/22|2
我的上流世界|05/23|0
我的上流世界|05/24|3
我的上流世界|05/25|0
我的上流世界|05/26|0
我的上流世界|05/27|1
我的上流世界|05/28|0
我的上流世界|05/29|2
我的上流世界|05/30|3
我的上流世界|05/31|4
我的上流世界|06/01|1
我的上流世界|06/02|0
我的上流世界|06/03|0
我的上流世界|06/04|1
我的上流世界|06/05|2
我的上流世界|06/06|3
我的上流世界|06/07|26
我的上流世界|06/08|0
我的上流世界|06/09|0
我的上流世界|06/10|1
我的上流世界|06/11|0
我的上流世界|06/12|2
我的上流世界|06/13|2
我的上流世界|06/14|8
我的上流世界|06/15|0
我的上流世界|06/16|2
我的上流世界|06/17|0
我的上流世界|06/18|0
我的上流世界|06/19|2
我的上流世界|06/20|0
如蝶翩翩|01/01|0
如蝶翩翩|01/02|0
如蝶翩翩|01/03|0
如蝶翩翩|01/04|0
如蝶翩翩|01/05|0
如蝶翩翩|01/06|0
如蝶翩翩|01/07|0
如蝶翩翩|01/08|0
如蝶翩翩|01/09|0
如蝶翩翩|01/10|0
如蝶翩翩|01/11|0
如蝶翩翩|01/12|0
如蝶翩翩|01/13|0
如蝶翩翩|01/14|0
如蝶翩翩|01/15|0
如蝶翩翩|01/16|0
如蝶翩翩|01/17|0
如蝶翩翩|01/18|0
如蝶翩翩|01/19|0
如蝶翩翩|01/20|0
如蝶翩翩|01/21|0
如蝶翩翩|01/22|0
如蝶翩翩|01/23|0
如蝶翩翩|01/24|0
如蝶翩翩|01/25|0
如蝶翩翩|01/26|0
如蝶翩翩|01/27|0
如蝶翩翩|01/28|0
如蝶翩翩|01/29|0
如蝶翩翩|01/30|0
如蝶翩翩|01/31|0
如蝶翩翩|02/01|0
如蝶翩翩|02/02|0
如蝶翩翩|02/03|0
如蝶翩翩|02/04|0
如蝶翩翩|02/05|0
如蝶翩翩|02/06|0
如蝶翩翩|02/07|0
如蝶翩翩|02/08|0
如蝶翩翩|02/09|0
如蝶翩翩|02/10|0
如蝶翩翩|02/11|0
如蝶翩翩|02/12|0
如蝶翩翩|02/13|0
如蝶翩翩|02/14|0
如蝶翩翩|02/15|0
如蝶翩翩|02/16|0
如蝶翩翩|02/17|0
如蝶翩翩|02/18|0
如蝶翩翩|02/19|0
如蝶翩翩|02/20|0
如蝶翩翩|02/21|0
如蝶翩翩|02/22|0
如蝶翩翩|02/23|0
如蝶翩翩|02/24|0
如蝶翩翩|02/25|0
如蝶翩翩|02/26|0
如蝶翩翩|02/27|0
如蝶翩翩|02/28|0
如蝶翩翩|03/01|0
如蝶翩翩|03/02|1
如蝶翩翩|03/03|0
如蝶翩翩|03/04|0
如蝶翩翩|03/05|0
如蝶翩翩|03/06|0
如蝶翩翩|03/07|0
如蝶翩翩|03/08|0
如蝶翩翩|03/09|1
如蝶翩翩|03/10|0
如蝶翩翩|03/11|0
如蝶翩翩|03/12|0
如蝶翩翩|03/13|0
如蝶翩翩|03/14|0
如蝶翩翩|03/15|1
如蝶翩翩|03/16|0
如蝶翩翩|03/17|0
如蝶翩翩|03/18|2
如蝶翩翩|03/19|0
如蝶翩翩|03/20|0
如蝶翩翩|03/21|0
如蝶翩翩|03/22|1
如蝶翩翩|03/23|0
如蝶翩翩|03/24|0
如蝶翩翩|03/25|0
如蝶翩翩|03/26|0
如蝶翩翩|03/27|0
如蝶翩翩|03/28|0
如蝶翩翩|03/29|2
如蝶翩翩|03/30|0
如蝶翩翩|03/31|2
如蝶翩翩|04/01|0
如蝶翩翩|04/02|0
如蝶翩翩|04/03|0
如蝶翩翩|04/04|0
如蝶翩翩|04/05|1
如蝶翩翩|04/06|0
如蝶翩翩|04/07|0
如蝶翩翩|04/08|0
如蝶翩翩|04/09|0
如蝶翩翩|04/10|0
如蝶翩翩|04/11|0
如蝶翩翩|04/12|2
如蝶翩翩|04/13|0
如蝶翩翩|04/14|0
如蝶翩翩|04/15|2
如蝶翩翩|04/16|0
如蝶翩翩|04/17|0
如蝶翩翩|04/18|0
如蝶翩翩|04/19|1
如蝶翩翩|04/20|2
如蝶翩翩|04/21|0
如蝶翩翩|04/22|0
如蝶翩翩|04/23|0
如蝶翩翩|04/24|0
如蝶翩翩|04/25|1
如蝶翩翩|04/26|1
如蝶翩翩|04/27|1
如蝶翩翩|04/28|3
如蝶翩翩|04/29|4
如蝶翩翩|04/30|1
如蝶翩翩|05/01|1
如蝶翩翩|05/02|0
如蝶翩翩|05/03|5
如蝶翩翩|05/04|3
如蝶翩翩|05/05|0
如蝶翩翩|05/06|0
如蝶翩翩|05/07|1
如蝶翩翩|05/08|0
如蝶翩翩|05/09|0
如蝶翩翩|05/10|0
如蝶翩翩|05/11|0
如蝶翩翩|05/12|0
如蝶翩翩|05/13|0
如蝶翩翩|05/14|2
如蝶翩翩|05/15|0
如蝶翩翩|05/16|0
如蝶翩翩|05/17|4
如蝶翩翩|05/18|0
如蝶翩翩|05/19|0
如蝶翩翩|05/20|2
如蝶翩翩|05/21|6
如蝶翩翩|05/22|0
如蝶翩翩|05/23|0
如蝶翩翩|05/24|0
如蝶翩翩|05/25|0
如蝶翩翩|05/26|0
如蝶翩翩|05/27|0
如蝶翩翩|05/28|3
如蝶翩翩|05/29|0
如蝶翩翩|05/30|0
如蝶翩翩|05/31|0
如蝶翩翩|06/01|0
如蝶翩翩|06/02|0
如蝶翩翩|06/03|0
如蝶翩翩|06/04|1
如蝶翩翩|06/05|0
如蝶翩翩|06/06|0
如蝶翩翩|06/07|0
如蝶翩翩|06/08|0
如蝶翩翩|06/09|1
如蝶翩翩|06/10|1
如蝶翩翩|06/11|2
如蝶翩翩|06/12|1
如蝶翩翩|06/13|2
如蝶翩翩|06/14|0
如蝶翩翩|06/15|0
如蝶翩翩|06/16|0
如蝶翩翩|06/17|0
如蝶翩翩|06/18|0
如蝶翩翩|06/19|0
如蝶翩翩|06/20|0
我是遺物整理師|01/01|0
我是遺物整理師|01/02|0
我是遺物整理師|01/03|0
我是遺物整理師|01/04|0
我是遺物整理師|01/05|0
我是遺物整理師|01/06|0
我是遺物整理師|01/07|0
我是遺物整理師|01/08|0
我是遺物整理師|01/09|0
我是遺物整理師|01/10|0
我是遺物整理師|01/11|0
我是遺物整理師|01/12|0
我是遺物整理師|01/13|0
我是遺物整理師|01/14|0
我是遺物整理師|01/15|0
我是遺物整理師|01/16|0
我是遺物整理師|01/17|0
我是遺物整理師|01/18|0
我是遺物整理師|01/19|0
我是遺物整理師|01/20|0
我是遺物整理師|01/21|0
我是遺物整理師|01/22|0
我是遺物整理師|01/23|0
我是遺物整理師|01/24|0
我是遺物整理師|01/25|0
我是遺物整理師|01/26|0
我是遺物整理師|01/27|0
我是遺物整理師|01/28|0
我是遺物整理師|01/29|0
我是遺物整理師|01/30|0
我是遺物整理師|01/31|0
我是遺物整理師|02/01|0
我是遺物整理師|02/02|0
我是遺物整理師|02/03|0
我是遺物整理師|02/04|0
我是遺物整理師|02/05|0
我是遺物整理師|02/06|0
我是遺物整理師|02/07|0
我是遺物整理師|02/08|0
我是遺物整理師|02/09|0
我是遺物整理師|02/10|0
我是遺物整理師|02/11|0
我是遺物整理師|02/12|0
我是遺物整理師|02/13|0
我是遺物整理師|02/14|0
我是遺物整理師|02/15|0
我是遺物整理師|02/16|0
我是遺物整理師|02/17|0
我是遺物整理師|02/18|0
我是遺物整理師|02/19|0
我是遺物整理師|02/20|0
我是遺物整理師|02/21|0
我是遺物整理師|02/22|0
我是遺物整理師|02/23|0
我是遺物整理師|02/24|0
我是遺物整理師|02/25|0
我是遺物整理師|02/26|0
我是遺物整理師|02/27|0
我是遺物整理師|02/28|0
我是遺物整理師|03/01|0
我是遺物整理師|03/02|0
我是遺物整理師|03/03|0
我是遺物整理師|03/04|0
我是遺物整理師|03/05|0
我是遺物整理師|03/06|0
我是遺物整理師|03/07|0
我是遺物整理師|03/08|0
我是遺物整理師|03/09|0
我是遺物整理師|03/10|0
我是遺物整理師|03/11|0
我是遺物整理師|03/12|0
我是遺物整理師|03/13|0
我是遺物整理師|03/14|0
我是遺物整理師|03/15|0
我是遺物整理師|03/16|0
我是遺物整理師|03/17|0
我是遺物整理師|03/18|0
我是遺物整理師|03/19|0
我是遺物整理師|03/20|0
我是遺物整理師|03/21|0
我是遺物整理師|03/22|0
我是遺物整理師|03/23|0
我是遺物整理師|03/24|0
我是遺物整理師|03/25|0
我是遺物整理師|03/26|0
我是遺物整理師|03/27|0
我是遺物整理師|03/28|0
我是遺物整理師|03/29|0
我是遺物整理師|03/30|0
我是遺物整理師|03/31|0
我是遺物整理師|04/01|0
我是遺物整理師|04/02|0
我是遺物整理師|04/03|0
我是遺物整理師|04/04|0
我是遺物整理師|04/05|0
我是遺物整理師|04/06|0
我是遺物整理師|04/07|0
我是遺物整理師|04/08|0
我是遺物整理師|04/09|0
我是遺物整理師|04/10|0
我是遺物整理師|04/11|0
我是遺物整理師|04/12|0
我是遺物整理師|04/13|0
我是遺物整理師|04/14|0
我是遺物整理師|04/15|0
我是遺物整理師|04/16|0
我是遺物整理師|04/17|0
我是遺物整理師|04/18|0
我是遺物整理師|04/19|0
我是遺物整理師|04/20|0
我是遺物整理師|04/21|0
我是遺物整理師|04/22|0
我是遺物整理師|04/23|0
我是遺物整理師|04/24|0
我是遺物整理師|04/25|0
我是遺物整理師|04/26|0
我是遺物整理師|04/27|0
我是遺物整理師|04/28|0
我是遺物整理師|04/29|0
我是遺物整理師|04/30|0
我是遺物整理師|05/01|12
我是遺物整理師|05/02|0
我是遺物整理師|05/03|0
我是遺物整理師|05/04|0
我是遺物整理師|05/05|0
我是遺物整理師|05/06|0
我是遺物整理師|05/07|0
我是遺物整理師|05/08|0
我是遺物整理師|05/09|3
我是遺物整理師|05/10|0
我是遺物整理師|05/11|0
我是遺物整理師|05/12|0
我是遺物整理師|05/13|0
我是遺物整理師|05/14|6
我是遺物整理師|05/15|0
我是遺物整理師|05/16|0
我是遺物整理師|05/17|14
我是遺物整理師|05/18|0
我是遺物整理師|05/19|0
我是遺物整理師|05/20|10
我是遺物整理師|05/21|0
我是遺物整理師|05/22|7
我是遺物整理師|05/23|9
我是遺物整理師|05/24|0
我是遺物整理師|05/25|0
我是遺物整理師|05/26|0
我是遺物整理師|05/27|0
我是遺物整理師|05/28|0
我是遺物整理師|05/29|0
我是遺物整理師|05/30|0
我是遺物整理師|05/31|0
我是遺物整理師|06/01|0
我是遺物整理師|06/02|0
我是遺物整理師|06/03|0
我是遺物整理師|06/04|0
我是遺物整理師|06/05|0
我是遺物整理師|06/06|0
我是遺物整理師|06/07|23
我是遺物整理師|06/08|25
我是遺物整理師|06/09|0
我是遺物整理師|06/10|0
我是遺物整理師|06/11|0
我是遺物整理師|06/12|0
我是遺物整理師|06/13|8
我是遺物整理師|06/14|0
我是遺物整理師|06/15|0
我是遺物整理師|06/16|0
我是遺物整理師|06/17|0
我是遺物整理師|06/18|0
我是遺物整理師|06/19|0
我是遺物整理師|06/20|0
大發不動產|01/01|0
大發不動產|01/02|0
大發不動產|01/03|0
大發不動產|01/04|0
大發不動產|01/05|0
大發不動產|01/06|0
大發不動產|01/07|0
大發不動產|01/08|0
大發不動產|01/09|0
大發不動產|01/10|0
大發不動產|01/11|0
大發不動產|01/12|0
大發不動產|01/13|0
大發不動產|01/14|0
大發不動產|01/15|0
大發不動產|01/16|2
大發不動產|01/17|0
大發不動產|01/18|0
大發不動產|01/19|0
大發不動產|01/20|0
大發不動產|01/21|0
大發不動產|01/22|0
大發不動產|01/23|0
大發不動產|01/24|0
大發不動產|01/25|0
大發不動產|01/26|0
大發不動產|01/27|0
大發不動產|01/28|0
大發不動產|01/29|0
大發不動產|01/30|0
大發不動產|01/31|0
大發不動產|02/01|0
大發不動產|02/02|0
大發不動產|02/03|0
大發不動產|02/04|0
大發不動產|02/05|0
大發不動產|02/06|0
大發不動產|02/07|0
大發不動產|02/08|0
大發不動產|02/09|0
大發不動產|02/10|0
大發不動產|02/11|0
大發不動產|02/12|0
大發不動產|02/13|0
大發不動產|02/14|0
大發不動產|02/15|0
大發不動產|02/16|0
大發不動產|02/17|0
大發不動產|02/18|0
大發不動產|02/19|0
大發不動產|02/20|0
大發不動產|02/21|0
大發不動產|02/22|0
大發不動產|02/23|0
大發不動產|02/24|0
大發不動產|02/25|0
大發不動產|02/26|0
大發不動產|02/27|0
大發不動產|02/28|0
大發不動產|03/01|0
大發不動產|03/02|0
大發不動產|03/03|0
大發不動產|03/04|0
大發不動產|03/05|0
大發不動產|03/06|0
大發不動產|03/07|0
大發不動產|03/08|0
大發不動產|03/09|1
大發不動產|03/10|0
大發不動產|03/11|0
大發不動產|03/12|0
大發不動產|03/13|0
大發不動產|03/14|0
大發不動產|03/15|1
大發不動產|03/16|0
大發不動產|03/17|0
大發不動產|03/18|0
大發不動產|03/19|0
大發不動產|03/20|0
大發不動產|03/21|0
大發不動產|03/22|0
大發不動產|03/23|0
大發不動產|03/24|0
大發不動產|03/25|0
大發不動產|03/26|0
大發不動產|03/27|0
大發不動產|03/28|0
大發不動產|03/29|0
大發不動產|03/30|0
大發不動產|03/31|4
大發不動產|04/01|0
大發不動產|04/02|0
大發不動產|04/03|0
大發不動產|04/04|4
大發不動產|04/05|0
大發不動產|04/06|0
大發不動產|04/07|0
大發不動產|04/08|0
大發不動產|04/09|0
大發不動產|04/10|0
大發不動產|04/11|3
大發不動產|04/12|6
大發不動產|04/13|0
大發不動產|04/14|4
大發不動產|04/15|4
大發不動產|04/16|1
大發不動產|04/17|0
大發不動產|04/18|0
大發不動產|04/19|0
大發不動產|04/20|6
大發不動產|04/21|8
大發不動產|04/22|4
大發不動產|04/23|0
大發不動產|04/24|1
大發不動產|04/25|0
大發不動產|04/26|0
大發不動產|04/27|1
大發不動產|04/28|6
大發不動產|04/29|4
大發不動產|04/30|0
大發不動產|05/01|2
大發不動產|05/02|0
大發不動產|05/03|0
大發不動產|05/04|0
大發不動產|05/05|5
大發不動產|05/06|4
大發不動產|05/07|0
大發不動產|05/08|0
大發不動產|05/09|0
大發不動產|05/10|0
大發不動產|05/11|2
大發不動產|05/12|7
大發不動產|05/13|4
大發不動產|05/14|0
大發不動產|05/15|0
大發不動產|05/16|2
大發不動產|05/17|0
大發不動產|05/18|0
大發不動產|05/19|10
大發不動產|05/20|5
大發不動產|05/21|0
大發不動產|05/22|2
大發不動產|05/23|0
大發不動產|05/24|2
大發不動產|05/25|2
大發不動產|05/26|4
大發不動產|05/27|0
大發不動產|05/28|0
大發不動產|05/29|1
大發不動產|05/30|2
大發不動產|05/31|1
大發不動產|06/01|0
大發不動產|06/02|7
大發不動產|06/03|6
大發不動產|06/04|0
大發不動產|06/05|0
大發不動產|06/06|0
大發不動產|06/07|0
大發不動產|06/08|2
大發不動產|06/09|12
大發不動產|06/10|6
大發不動產|06/11|0
大發不動產|06/12|1
大發不動產|06/13|0
大發不動產|06/14|0
大發不動產|06/15|0
大發不動產|06/16|2
大發不動產|06/17|0
大發不動產|06/18|0
大發不動產|06/19|0
大發不動產|06/20|0
黑洞|01/01|0
黑洞|01/02|0
黑洞|01/03|0
黑洞|01/04|0
黑洞|01/05|0
黑洞|01/06|0
黑洞|01/07|0
黑洞|01/08|0
黑洞|01/09|0
黑洞|01/10|0
黑洞|01/11|0
黑洞|01/12|0
黑洞|01/13|0
黑洞|01/14|0
黑洞|01/15|0
黑洞|01/16|0
黑洞|01/17|0
黑洞|01/18|0
黑洞|01/19|0
黑洞|01/20|0
黑洞|01/21|0
黑洞|01/22|0
黑洞|01/23|0
黑洞|01/24|0
黑洞|01/25|0
黑洞|01/26|0
黑洞|01/27|0
黑洞|01/28|0
黑洞|01/29|0
黑洞|01/30|0
黑洞|01/31|0
黑洞|02/01|0
黑洞|02/02|0
黑洞|02/03|0
黑洞|02/04|0
黑洞|02/05|0
黑洞|02/06|0
黑洞|02/07|0
黑洞|02/08|1
黑洞|02/09|0
黑洞|02/10|0
黑洞|02/11|0
黑洞|02/12|0
黑洞|02/13|0
黑洞|02/14|0
黑洞|02/15|1
黑洞|02/16|0
黑洞|02/17|0
黑洞|02/18|0
黑洞|02/19|0
黑洞|02/20|0
黑洞|02/21|0
黑洞|02/22|1
黑洞|02/23|0
黑洞|02/24|0
黑洞|02/25|0
黑洞|02/26|0
黑洞|02/27|0
黑洞|02/28|0
黑洞|03/01|1
黑洞|03/02|0
黑洞|03/03|0
黑洞|03/04|0
黑洞|03/05|0
黑洞|03/06|0
黑洞|03/07|0
黑洞|03/08|1
黑洞|03/09|0
黑洞|03/10|0
黑洞|03/11|0
黑洞|03/12|0
黑洞|03/13|0
黑洞|03/14|0
黑洞|03/15|0
黑洞|03/16|0
黑洞|03/17|0
黑洞|03/18|0
黑洞|03/19|0
黑洞|03/20|0
黑洞|03/21|0
黑洞|03/22|0
黑洞|03/23|0
黑洞|03/24|0
黑洞|03/25|0
黑洞|03/26|0
黑洞|03/27|0
黑洞|03/28|0
黑洞|03/29|0
黑洞|03/30|0
黑洞|03/31|0
黑洞|04/01|0
黑洞|04/02|0
黑洞|04/03|0
黑洞|04/04|0
黑洞|04/05|0
黑洞|04/06|0
黑洞|04/07|0
黑洞|04/08|0
黑洞|04/09|0
黑洞|04/10|0
黑洞|04/11|0
黑洞|04/12|0
黑洞|04/13|0
黑洞|04/14|0
黑洞|04/15|0
黑洞|04/16|0
黑洞|04/17|0
黑洞|04/18|0
黑洞|04/19|0
黑洞|04/20|0
黑洞|04/21|0
黑洞|04/22|0
黑洞|04/23|0
黑洞|04/24|0
黑洞|04/25|1
黑洞|04/26|0
黑洞|04/27|2
黑洞|04/28|0
黑洞|04/29|0
黑洞|04/30|2
黑洞|05/01|2
黑洞|05/02|24
黑洞|05/03|0
黑洞|05/04|0
黑洞|05/05|0
黑洞|05/06|0
黑洞|05/07|2
黑洞|05/08|2
黑洞|05/09|0
黑洞|05/10|0
黑洞|05/11|0
黑洞|05/12|10
黑洞|05/13|0
黑洞|05/14|2
黑洞|05/15|2
黑洞|05/16|0
黑洞|05/17|0
黑洞|05/18|0
黑洞|05/19|0
黑洞|05/20|0
黑洞|05/21|3
黑洞|05/22|2
黑洞|05/23|0
黑洞|05/24|0
黑洞|05/25|3
黑洞|05/26|0
黑洞|05/27|0
黑洞|05/28|2
黑洞|05/29|2
黑洞|05/30|0
黑洞|05/31|0
黑洞|06/01|1
黑洞|06/02|0
黑洞|06/03|1
黑洞|06/04|2
黑洞|06/05|4
黑洞|06/06|0
黑洞|06/07|9
黑洞|06/08|0
黑洞|06/09|0
黑洞|06/10|0
黑洞|06/11|0
黑洞|06/12|0
黑洞|06/13|0
黑洞|06/14|0
黑洞|06/15|0
黑洞|06/16|0
黑洞|06/17|0
黑洞|06/18|0
黑洞|06/19|0
黑洞|06/20|0
在我筆下的命運|01/01|0
在我筆下的命運|01/02|0
在我筆下的命運|01/03|0
在我筆下的命運|01/04|0
在我筆下的命運|01/05|0
在我筆下的命運|01/06|0
在我筆下的命運|01/07|0
在我筆下的命運|01/08|0
在我筆下的命運|01/09|0
在我筆下的命運|01/10|0
在我筆下的命運|01/11|0
在我筆下的命運|01/12|0
在我筆下的命運|01/13|0
在我筆下的命運|01/14|0
在我筆下的命運|01/15|0
在我筆下的命運|01/16|0
在我筆下的命運|01/17|0
在我筆下的命運|01/18|0
在我筆下的命運|01/19|0
在我筆下的命運|01/20|0
在我筆下的命運|01/21|0
在我筆下的命運|01/22|0
在我筆下的命運|01/23|0
在我筆下的命運|01/24|0
在我筆下的命運|01/25|0
在我筆下的命運|01/26|0
在我筆下的命運|01/27|0
在我筆下的命運|01/28|0
在我筆下的命運|01/29|0
在我筆下的命運|01/30|0
在我筆下的命運|01/31|0
在我筆下的命運|02/01|0
在我筆下的命運|02/02|0
在我筆下的命運|02/03|0
在我筆下的命運|02/04|0
在我筆下的命運|02/05|0
在我筆下的命運|02/06|0
在我筆下的命運|02/07|0
在我筆下的命運|02/08|0
在我筆下的命運|02/09|0
在我筆下的命運|02/10|0
在我筆下的命運|02/11|0
在我筆下的命運|02/12|0
在我筆下的命運|02/13|0
在我筆下的命運|02/14|0
在我筆下的命運|02/15|0
在我筆下的命運|02/16|0
在我筆下的命運|02/17|0
在我筆下的命運|02/18|0
在我筆下的命運|02/19|0
在我筆下的命運|02/20|0
在我筆下的命運|02/21|0
在我筆下的命運|02/22|0
在我筆下的命運|02/23|0
在我筆下的命運|02/24|0
在我筆下的命運|02/25|0
在我筆下的命運|02/26|0
在我筆下的命運|02/27|0
在我筆下的命運|02/28|0
在我筆下的命運|03/01|0
在我筆下的命運|03/02|0
在我筆下的命運|03/03|0
在我筆下的命運|03/04|0
在我筆下的命運|03/05|0
在我筆下的命運|03/06|0
在我筆下的命運|03/07|0
在我筆下的命運|03/08|0
在我筆下的命運|03/09|0
在我筆下的命運|03/10|0
在我筆下的命運|03/11|0
在我筆下的命運|03/12|0
在我筆下的命運|03/13|0
在我筆下的命運|03/14|0
在我筆下的命運|03/15|0
在我筆下的命運|03/16|0
在我筆下的命運|03/17|0
在我筆下的命運|03/18|0
在我筆下的命運|03/19|0
在我筆下的命運|03/20|0
在我筆下的命運|03/21|0
在我筆下的命運|03/22|3
在我筆下的命運|03/23|0
在我筆下的命運|03/24|0
在我筆下的命運|03/25|0
在我筆下的命運|03/26|1
在我筆下的命運|03/27|0
在我筆下的命運|03/28|0
在我筆下的命運|03/29|0
在我筆下的命運|03/30|0
在我筆下的命運|03/31|0
在我筆下的命運|04/01|0
在我筆下的命運|04/02|0
在我筆下的命運|04/03|0
在我筆下的命運|04/04|0
在我筆下的命運|04/05|1
在我筆下的命運|04/06|0
在我筆下的命運|04/07|0
在我筆下的命運|04/08|0
在我筆下的命運|04/09|0
在我筆下的命運|04/10|0
在我筆下的命運|04/11|0
在我筆下的命運|04/12|0
在我筆下的命運|04/13|0
在我筆下的命運|04/14|0
在我筆下的命運|04/15|1
在我筆下的命運|04/16|0
在我筆下的命運|04/17|0
在我筆下的命運|04/18|0
在我筆下的命運|04/19|0
在我筆下的命運|04/20|0
在我筆下的命運|04/21|0
在我筆下的命運|04/22|0
在我筆下的命運|04/23|0
在我筆下的命運|04/24|0
在我筆下的命運|04/25|0
在我筆下的命運|04/26|0
在我筆下的命運|04/27|0
在我筆下的命運|04/28|0
在我筆下的命運|04/29|0
在我筆下的命運|04/30|0
在我筆下的命運|05/01|0
在我筆下的命運|05/02|0
在我筆下的命運|05/03|0
在我筆下的命運|05/04|0
在我筆下的命運|05/05|0
在我筆下的命運|05/06|0
在我筆下的命運|05/07|0
在我筆下的命運|05/08|0
在我筆下的命運|05/09|0
在我筆下的命運|05/10|0
在我筆下的命運|05/11|0
在我筆下的命運|05/12|0
在我筆下的命運|05/13|0
在我筆下的命運|05/14|0
在我筆下的命運|05/15|0
在我筆下的命運|05/16|0
在我筆下的命運|05/17|0
在我筆下的命運|05/18|0
在我筆下的命運|05/19|0
在我筆下的命運|05/20|0
在我筆下的命運|05/21|0
在我筆下的命運|05/22|0
在我筆下的命運|05/23|0
在我筆下的命運|05/24|0
在我筆下的命運|05/25|0
在我筆下的命運|05/26|0
在我筆下的命運|05/27|0
在我筆下的命運|05/28|0
在我筆下的命運|05/29|0
在我筆下的命運|05/30|0
在我筆下的命運|05/31|0
在我筆下的命運|06/01|0
在我筆下的命運|06/02|0
在我筆下的命運|06/03|0
在我筆下的命運|06/04|0
在我筆下的命運|06/05|0
在我筆下的命運|06/06|0
在我筆下的命運|06/07|0
在我筆下的命運|06/08|0
在我筆下的命運|06/09|0
在我筆下的命運|06/10|0
在我筆下的命運|06/11|0
在我筆下的命運|06/12|0
在我筆下的命運|06/13|0
在我筆下的命運|06/14|0
在我筆下的命運|06/15|0
在我筆下的命運|06/16|0
在我筆下的命運|06/17|0
在我筆下的命運|06/18|0
在我筆下的命運|06/19|0
在我筆下的命運|06/20|0
某一天滅亡來到我家門前|01/01|0
某一天滅亡來到我家門前|01/02|0
某一天滅亡來到我家門前|01/03|0
某一天滅亡來到我家門前|01/04|0
某一天滅亡來到我家門前|01/05|0
某一天滅亡來到我家門前|01/06|0
某一天滅亡來到我家門前|01/07|0
某一天滅亡來到我家門前|01/08|0
某一天滅亡來到我家門前|01/09|0
某一天滅亡來到我家門前|01/10|0
某一天滅亡來到我家門前|01/11|0
某一天滅亡來到我家門前|01/12|0
某一天滅亡來到我家門前|01/13|0
某一天滅亡來到我家門前|01/14|0
某一天滅亡來到我家門前|01/15|0
某一天滅亡來到我家門前|01/16|2
某一天滅亡來到我家門前|01/17|0
某一天滅亡來到我家門前|01/18|0
某一天滅亡來到我家門前|01/19|0
某一天滅亡來到我家門前|01/20|0
某一天滅亡來到我家門前|01/21|0
某一天滅亡來到我家門前|01/22|0
某一天滅亡來到我家門前|01/23|0
某一天滅亡來到我家門前|01/24|0
某一天滅亡來到我家門前|01/25|0
某一天滅亡來到我家門前|01/26|0
某一天滅亡來到我家門前|01/27|0
某一天滅亡來到我家門前|01/28|0
某一天滅亡來到我家門前|01/29|1
某一天滅亡來到我家門前|01/30|0
某一天滅亡來到我家門前|01/31|0
某一天滅亡來到我家門前|02/01|0
某一天滅亡來到我家門前|02/02|0
某一天滅亡來到我家門前|02/03|0
某一天滅亡來到我家門前|02/04|3
某一天滅亡來到我家門前|02/05|0
某一天滅亡來到我家門前|02/06|0
某一天滅亡來到我家門前|02/07|0
某一天滅亡來到我家門前|02/08|0
某一天滅亡來到我家門前|02/09|1
某一天滅亡來到我家門前|02/10|0
某一天滅亡來到我家門前|02/11|0
某一天滅亡來到我家門前|02/12|0
某一天滅亡來到我家門前|02/13|0
某一天滅亡來到我家門前|02/14|0
某一天滅亡來到我家門前|02/15|0
某一天滅亡來到我家門前|02/16|0
某一天滅亡來到我家門前|02/17|1
某一天滅亡來到我家門前|02/18|0
某一天滅亡來到我家門前|02/19|0
某一天滅亡來到我家門前|02/20|0
某一天滅亡來到我家門前|02/21|0
某一天滅亡來到我家門前|02/22|0
某一天滅亡來到我家門前|02/23|0
某一天滅亡來到我家門前|02/24|0
某一天滅亡來到我家門前|02/25|1
某一天滅亡來到我家門前|02/26|0
某一天滅亡來到我家門前|02/27|0
某一天滅亡來到我家門前|02/28|0
某一天滅亡來到我家門前|03/01|0
某一天滅亡來到我家門前|03/02|0
某一天滅亡來到我家門前|03/03|0
某一天滅亡來到我家門前|03/04|0
某一天滅亡來到我家門前|03/05|0
某一天滅亡來到我家門前|03/06|0
某一天滅亡來到我家門前|03/07|0
某一天滅亡來到我家門前|03/08|0
某一天滅亡來到我家門前|03/09|1
某一天滅亡來到我家門前|03/10|0
某一天滅亡來到我家門前|03/11|0
某一天滅亡來到我家門前|03/12|0
某一天滅亡來到我家門前|03/13|0
某一天滅亡來到我家門前|03/14|0
某一天滅亡來到我家門前|03/15|2
某一天滅亡來到我家門前|03/16|0
某一天滅亡來到我家門前|03/17|0
某一天滅亡來到我家門前|03/18|0
某一天滅亡來到我家門前|03/19|0
某一天滅亡來到我家門前|03/20|0
某一天滅亡來到我家門前|03/21|0
某一天滅亡來到我家門前|03/22|0
某一天滅亡來到我家門前|03/23|0
某一天滅亡來到我家門前|03/24|0
某一天滅亡來到我家門前|03/25|0
某一天滅亡來到我家門前|03/26|0
某一天滅亡來到我家門前|03/27|0
某一天滅亡來到我家門前|03/28|0
某一天滅亡來到我家門前|03/29|0
某一天滅亡來到我家門前|03/30|0
某一天滅亡來到我家門前|03/31|0
某一天滅亡來到我家門前|04/01|0
某一天滅亡來到我家門前|04/02|0
某一天滅亡來到我家門前|04/03|0
某一天滅亡來到我家門前|04/04|0
某一天滅亡來到我家門前|04/05|0
某一天滅亡來到我家門前|04/06|0
某一天滅亡來到我家門前|04/07|0
某一天滅亡來到我家門前|04/08|0
某一天滅亡來到我家門前|04/09|0
某一天滅亡來到我家門前|04/10|0
某一天滅亡來到我家門前|04/11|0
某一天滅亡來到我家門前|04/12|2
某一天滅亡來到我家門前|04/13|0
某一天滅亡來到我家門前|04/14|0
某一天滅亡來到我家門前|04/15|0
某一天滅亡來到我家門前|04/16|0
某一天滅亡來到我家門前|04/17|0
某一天滅亡來到我家門前|04/18|0
某一天滅亡來到我家門前|04/19|0
某一天滅亡來到我家門前|04/20|0
某一天滅亡來到我家門前|04/21|0
某一天滅亡來到我家門前|04/22|0
某一天滅亡來到我家門前|04/23|0
某一天滅亡來到我家門前|04/24|0
某一天滅亡來到我家門前|04/25|0
某一天滅亡來到我家門前|04/26|0
某一天滅亡來到我家門前|04/27|0
某一天滅亡來到我家門前|04/28|0
某一天滅亡來到我家門前|04/29|0
某一天滅亡來到我家門前|04/30|3
某一天滅亡來到我家門前|05/01|0
某一天滅亡來到我家門前|05/02|0
某一天滅亡來到我家門前|05/03|0
某一天滅亡來到我家門前|05/04|0
某一天滅亡來到我家門前|05/05|0
某一天滅亡來到我家門前|05/06|0
某一天滅亡來到我家門前|05/07|1
某一天滅亡來到我家門前|05/08|28
某一天滅亡來到我家門前|05/09|0
某一天滅亡來到我家門前|05/10|2
某一天滅亡來到我家門前|05/11|2
某一天滅亡來到我家門前|05/12|0
某一天滅亡來到我家門前|05/13|0
某一天滅亡來到我家門前|05/14|0
某一天滅亡來到我家門前|05/15|0
某一天滅亡來到我家門前|05/16|0
某一天滅亡來到我家門前|05/17|2
某一天滅亡來到我家門前|05/18|2
某一天滅亡來到我家門前|05/19|23
某一天滅亡來到我家門前|05/20|0
某一天滅亡來到我家門前|05/21|0
某一天滅亡來到我家門前|05/22|0
某一天滅亡來到我家門前|05/23|0
某一天滅亡來到我家門前|05/24|2
某一天滅亡來到我家門前|05/25|4
某一天滅亡來到我家門前|05/26|4
某一天滅亡來到我家門前|05/27|0
某一天滅亡來到我家門前|05/28|0
某一天滅亡來到我家門前|05/29|0
某一天滅亡來到我家門前|05/30|0
某一天滅亡來到我家門前|05/31|3
某一天滅亡來到我家門前|06/01|28
某一天滅亡來到我家門前|06/02|0
某一天滅亡來到我家門前|06/03|25
某一天滅亡來到我家門前|06/04|0
某一天滅亡來到我家門前|06/05|37
某一天滅亡來到我家門前|06/06|0
某一天滅亡來到我家門前|06/07|3
某一天滅亡來到我家門前|06/08|4
某一天滅亡來到我家門前|06/09|61
某一天滅亡來到我家門前|06/10|0
某一天滅亡來到我家門前|06/11|0
某一天滅亡來到我家門前|06/12|0
某一天滅亡來到我家門前|06/13|0
某一天滅亡來到我家門前|06/14|6
某一天滅亡來到我家門前|06/15|18
某一天滅亡來到我家門前|06/16|0
某一天滅亡來到我家門前|06/17|24
某一天滅亡來到我家門前|06/18|0
某一天滅亡來到我家門前|06/19|0